:020000040800F2
:1000000000000220010E0008690700086F070008C1
:10001000750700087B070008810700080000000042
:10002000000000000000000000000000870700083A
:1000300093070008000000009F070008AB070008B6
:10004000510E0008510E0008510E0008510E000814
:10005000510E0008510E0008510E0008510E000804
:10006000510E0008510E0008510E0008510E0008F4
:10007000510E0008510E0008510E0008510E0008E4
:10008000510E0008510E0008510E0008510E0008D4
:10009000510E0008510E0008510E0008510E0008C4
:1000A000510E0008510E0008510E0008510E0008B4
:1000B000510E0008510E0008510E0008510E0008A4
:1000C000510E0008510E0008510E0008510E000894
:1000D000510E0008510E0008510E0008510E000884
:1000E000510E0008510E0008510E0008510E000874
:1000F000510E0008510E0008510E0008510E000864
:10010000510E0008510E0008510E0008510E000853
:10011000510E0008510E0008510E0008510E000843
:10012000510E0008510E0008510E0008510E000833
:10013000510E0008510E0008510E0008510E000823
:10014000510E0008510E0008510E0008B9070008B2
:10015000510E0008510E0008510E0008510E000803
:10016000510E0008510E0008510E0008510E0008F3
:10017000510E0008510E0008510E0008000000004A
:04018000510E000814
:1001840010B5054C237833B9044B13B10448AFF3CD
:1001940000800123237010BDE00100200000000056
:1001A4005829010808B5034B1BB103490348AFF3B1
:1001B400008008BD00000000E40100205829010867
:1001C400034613F8012B002AFBD1181A0138704793
:1001D40053B94AB9002908BF00281CBF4FF0FF31AA
:1001E4004FF0FF3000F072B9ADF1080C6DE904CEA8
:1001F40000F006F8DDF804E0DDE9022304B07047FE
:100204002DE9F047089E0D4604468E46002B4CD13E
:100214008A42944667D9B2FA82F353B102FA03FCD4
:10022400C3F1200201FA03FE20FA02F242EA0E0EA2
:100234009C404FEA1C47BEFBF7F11FFA8CF507FB05
:1002440011EE01FB05F0220C42EA0E4290420AD95B
:100254001CEB020201F1FF3E80F01981904240F252
:10026400168102396244121AB2FBF7F007FB10221E
:1002740000FB05F5A4B244EA0244A5420AD91CEBEA
:10028400040400F1FF3280F00481A54240F20181B0
:100294006444023840EA01400021641B1EB1DC4082
:1002A4000023C6E90043BDE8F0878B4208D9002E3D
:1002B40000F0EA800021C6E900050846BDE8F087A1
:1002C400B3FA83F1002948D1AB4202D3824200F24F
:1002D400F880841A65EB030201209646002EE2D0D2
:1002E400C6E9004EDFE702B9FFDEB2FA82F3002B63
:1002F40040F08E80881A0121170C1FFA82FEB0FB91
:10030400F7F507FB1500220C42EA00420EFB05F04C
:10031400904208D91CEB020205F1FF3802D2904248
:1003240000F2CC804546121AB2FBF7F007FB10220C
:100334000EFB00FEA4B244EA0244A64508D91CEB15
:10034400040400F1FF3202D2A64500F2B480104644
:10035400A4EB0E0440EA0540A0E7C1F120078B405E
:1003640022FA07FC4CEA030C25FA07FA4FEA1C4967
:10037400BAFBF9F88D4020FA07F309FB18AA1FFA13
:100384008CFE2B4300FA01F508FB0EF01C0C44EA2A
:100394000A44A04202FA01F20BD91CEB040408F14E
:1003A400FF3A80F08680A04240F28380A8F10208E0
:1003B4006444241A98B2B4FBF9F309FB134403FB15
:1003C4000EFE40EA0444A64508D91CEB040403F1DC
:1003D400FF306AD2A64568D9023B644443EA084028
:1003E400A0FB0293A4EB0E049C42C8469E4654D341
:1003F40051D0002E67D0B5EB080364EB0E04CB405C
:1004040004FA07F71F43CC40C6E9007400214AE709
:1004140002FA03FCC3F12000C1409D4024FA00F01D
:100424004FEA1C472843B1FBF7F507FB15111FFAE8
:100434008CFE020C42EA014205FB0EF1914204FAE1
:1004440003F408D91CEB020205F1FF382FD29142C4
:100454002DD9023D6244521AB2FBF7F107FB112277
:1004640080B240EA024001FB0EF2824208D91CEB42
:10047400000001F1FF3816D2824214D902396044D7
:10048400801A41EA05413AE7314630460BE77146A6
:10049400E9E61046FEE64D45ABD2B9EB020863EB44
:1004A4000C0E0138A5E74146EAE7034696E74546C0
:1004B400D1E7D0467DE76444023849E7023D62440F
:1004C40031E708460AE73146EDE600BF704700BF52
:1004D40080B500AF00F0BCFC00F010F800F056F856
:1004E40005F098FA10F0D2FD00F016FA024805F073
:1004F40087FE0EF08BF9F9E70402002080B592B074
:1005040000AF07F1180330220021184611F08DFCCA
:100514003B1D00221A605A609A60DA601A61022355
:10052400BB6101237B621023BB6202233B63002374
:100534007B630D23BB63C323FB6302233B6405235B
:100544007B6407F11803184603F0F0FA0346002B06
:1005540001D000F0DBF80F237B600223BB60002393
:10056400FB604FF4A0533B614FF480537B613B1D10
:100574000321184603F02EFD0346002B01D000F0A2
:10058400C5F800BF4837BD4680BD000080B58CB0BB
:1005940000AF07F11C0300221A605A609A60DA6007
:1005A4001A610023BB61544B1B6B534A43F0040391
:1005B4001363514B1B6B03F00403BB61BB69002342
:1005C4007B614D4B1B6B4C4A43F0800313634A4BD6
:1005D4001B6B03F080037B617B6900233B61464B0B
:1005E4001B6B454A43F001031363434B1B6B03F03E
:1005F40001033B613B690023FB603F4B1B6B3E4A9D
:1006040043F0020313633C4B1B6B03F00203FB60D8
:10061400FB680023BB60384B1B6B374A43F008036D
:100624001363354B1B6B03F00803BB60BB680023EB
:100634007B60314B1B6B304A43F0400313632E4BFA
:100644001B6B03F040037B607B68002244F2810152
:100654002A4802F033F800224021294802F02EF8FB
:100664004FF40053FB614FF488133B6200237B6219
:1006740007F11C031946234801F082FE44F281036A
:10068400FB6101233B6200237B620023BB6207F111
:100694001C031946194801F073FE4FF44073FB61C3
:1006A40002233B6200237B620323BB620723FB62BA
:1006B40007F11C031946144801F062FE4023FB6154
:1006C40001233B6200237B620023BB6207F11C030E
:1006D40019460B4801F054FE8023FB6100233B6262
:1006E40000237B6207F11C031946054801F048FE0C
:1006F40000BF3037BD4680BD0038024000040240D0
:100704000018024000080240000C024080B400AF10
:1007140072B600BFFEE7000080B483B000AF0023D0
:100724007B600F4B5B6C0E4A43F4804353640C4B69
:100734005B6C03F480437B607B6800233B60084B65
:100744001B6C074A43F080531364054B1B6C03F086
:1007540080533B603B6800BF0C37BD4680BC70478C
:100764000038024080B400AFFEE780B400AFFEE77B
:1007740080B400AFFEE780B400AFFEE780B400AF02
:10078400FEE780B400AF00BFBD4680BC704780B4B4
:1007940000AF00BFBD4680BC704780B400AF00BF4F
:1007A400BD4680BC704780B500AF00F0A3FB00BF1E
:1007B40080BD000080B500AF024802F0C8F800BF59
:1007C40080BD00BF88A0002080B586B000AFF8606F
:1007D400B9607A6000237B610AE0AFF300800146D0
:1007E400BB685A1CBA60CAB21A707B6901337B6158
:1007F4007A697B689A42F0DB7B6818461837BD46F5
:1008040080BD80B586B000AFF860B9607A6000231F
:100814007B6109E0BB685A1CBA601B781846AFF3C9
:1008240000807B6901337B617A697B689A42F1DBE2
:100834007B6818461837BD4680BD80B483B000AFCE
:1008440078604FF0FF3318460C37BD4680BC7047C4
:1008540080B483B000AF786039603B684FF40052D5
:100864005A60002318460C37BD4680BC704780B4DC
:1008740083B000AF7860012318460C37BD4680BCB6
:10088400704780B485B000AFF860B9607A60002327
:1008940018461437BD4680BC7047000080B487B04A
:1008A40000AF7860144A154BD31A7B617B693B61B6
:1008B400134B1B68002B02D1114B124A1A60104BC8
:1008C4001A687B6813443A699A4205D20E4B0C228B
:1008D4001A604FF0FF3309E0094B1B68FB60084BBB
:1008E4001A687B681344064A1360FB6818461C3771
:1008F400BD4680BC704700BF000002200004000019
:10090400FC010020B0A60020A8A6002080B400AFFF
:1009140000BFBD4680BC704780B584B000AF09F00D
:10092400B5FEF8600F4B7B603B1D07221946F86843
:1009340008F02EFF0346FB7297F90B30002B09D108
:10094400FF21F86808F0C6FFF8600749F86809F065
:1009540019FF03E0F968012007F0CAFC00BF103753
:10096400BD4680BDC0A801027109000880B586B0EB
:1009740000AFF860B9601346FB710121B86809F053
:10098400FBFC0C2007F00CFB38613B69002B1FD0EB
:100994003B6901221A703B69BA685A603B690022BC
:1009A4005A703B6900229A603969B86809F076FE8A
:1009B4000D49B86809F082FE0C49B86809F0C0FE18
:1009C40000220B49B86809F0F3FE0023FB7505E02B
:1009D4003969B86800F065F9FF23FB7597F917309A
:1009E40018461837BD4680BDF90900082D0B0008CC
:1009F400510B000880B588B000AFF860B9607A6028
:100A0400FB70FB68002B05D1434BC3224349444888
:100A140011F0A6F9FB68BB617B68002B16D1BB699A
:100A240003221A70BB699B68002B04D1B969B868AA
:100A340000F037F907E03B49B86809F061FEB9698D
:100A4400B86800F0DBF80023FB775FE097F9033028
:100A5400002B0BD07B68002B05D0BB6900229A6069
:100A6400786808F083F9FB78FB774FE0BB691B7863
:100A7400012B10D1BB6902221A70BB697A689A6093
:100A84002849B86809F03CFEB969B86800F030F943
:100A94000023FB773AE0BB691B78022B15D1BB69B5
:100AA4009B68002B07D1BB697A689A60B969B868FA
:100AB40000F01EF906E0BB699B687B617968786980
:100AC40008F076FA0023FB7720E0BB691B78032B40
:100AD4000ED17B681B891946B86808F0F3FFBB691F
:100AE40000229A60786808F041F90023FB770DE052
:100AF4007B681B891946B86808F0E4FFBB690022CB
:100B04009A60786808F032F90023FB7797F91F3070
:100B140018462037BD4680BD702901088C2901087C
:100B240098290108B10B000880B584B000AF786043
:100B34000B46FB707B68FB60FB68002B02D0F868F7
:100B440007F0F0F800BF1037BD4680BD80B584B013
:100B540000AF786039607B68BB60BB68002B17D03E
:100B6400BB689B68002B08D00F49386809F0C8FDA2
:100B7400B968386800F042F807E0BB681B78032BBB
:100B840003D1B968386800F08CF80023FB7304E0E3
:100B9400386808F0F1FDF323FB7397F90F3018461A
:100BA4001037BD4680BD00BFB10B000880B586B0CC
:100BB40000AFF860B9601346FB80FB687B617B691A
:100BC40000225A707B699B68002B08D00A49B868D8
:100BD40009F096FD7969B86800F010F807E07B69C0
:100BE4001B78032B03D17969B86800F05AF8002305
:100BF40018461837BD4680BDB10B000880B586B0D5
:100C040000AF786039600023FB7536E03B689B6871
:100C14003B613B6959683B695A89012378680CF048
:100C240075FB0346FB7597F91730002B1DD13B6903
:100C34005B89FB813B691A683B689A603B689B68E7
:100C4400002B04D03B689B68184608F039F93869D2
:100C540008F08CF803467B737B7B002BF7D0FB8971
:100C64001946786808F02EFF07E097F91730B3F1BA
:100C7400FF3F02D13B683A699A6097F91730002B1D
:100C84000BD13B689B68002B07D03B689B685A8953
:100C94007B68B3F860309A42B8D900BF1837BD46B4
:100CA40080BD80B582B000AF78603960002178687B
:100CB40009F0F4FC0021786809F022FD002178682D
:100CC40009F0FCFC0021786809F03AFD00220021BB
:100CD400786809F06DFD3B68002B02D0386807F096
:100CE40021F8786808F07EFC00BF0837BD4680BD57
:100CF400B0B5A0B000AF786039607B685B683B67D3
:100D04007B681B8BA7F87E3007F1700318460FF041
:100D140083FAB8673B681A787B6F1A703B685A6825
:100D24007B6F5A603B689A687B6F9A6007F10C038B
:100D340064220021184611F078F83B689B685968D2
:100D44003B689B681B891A4607F10C03184611F08F
:100D540074F807F10C031846FFF732FA03461A46F3
:100D640007F10C031344244A1D4614460FCC286093
:100D74006960AA60EB6003CC2861696123782B76F3
:100D84007B6F9B6807F10C025A603B689B681A8969
:100D94003B689B685B89D31A9CB207F10C03184625
:100DA400FFF70EFA03469AB27B6F9B68224492B215
:100DB4001A8107F10C031846FFF702FA02467B6F0B
:100DC4009B6892B25A81796F7868FFF717FF07F131
:100DD4000C031846FFF7F4F9024607F10C03114619
:100DE400184610F011FA3B689B68184607F0BEFFDE
:100DF40000BF8037BD46B0BDC0290108DFF834D03C
:100E0400FFF784FD0C480D490D4A002302E0D45835
:100E1400C4500433C4188C42F9D30A4A0A4C002340
:100E240001E013600432A242FBD311F06FF8FFF724
:100E34004FFB70470000022000000020E00100206A
:100E440014480108E0010020B0A60020FEE70000DD
:100E540080B500AF0E4B1B680D4A43F4007313605A
:100E64000B4B1B680A4A43F480631360084B1B68EE
:100E7400074A43F480731360032000F047F900200D
:100E840000F008F8FFF748FC0023184680BD00BFB7
:100E9400003C024080B582B000AF7860124B1A6803
:100EA400124B1B7819464FF47A73B3FBF1F3B2FB80
:100EB400F3F3184600F05FF90346002B01D0012339
:100EC4000EE07B680F2B0AD8002279684FF0FF30C0
:100ED40000F027F9064A7B681360002300E0012331
:100EE40018460837BD4680BD0000002008000020D9
:100EF4000400002080B400AF054B1B781A46054B54
:100F04001B681344034A136000BFBD4680BC70478E
:100F1400080000200002002080B400AF024B1B68D0
:100F24001846BD4680BC70470002002080B584B0DE
:100F340000AF7860FFF7F0FFB8607B68FB60FB6888
:100F4400B3F1FF3F05D00A4B1B781A46FB681344E4
:100F5400FB6000BFFFF7E0FF0246BB68D31AFA68E4
:100F64009A42F7D800BF00BF1037BD4680BD00BF0E
:100F74000800002080B485B000AF78607B6803F07F
:100F84000703FB600C4BDB68BB60BA684FF6FF03DA
:100F94001340BB60FB681A02BB68134343F0BF6392
:100FA40043F40033BB60044ABB68D36000BF14370A
:100FB400BD4680BC704700BF00ED00E080B400AFC8
:100FC400044BDB681B0A03F007031846BD4680BCCC
:100FD400704700BF00ED00E080B483B000AF03466B
:100FE400FB7197F90730002B0BDBFB7903F01F0231
:100FF400064997F907305B09012000FA02F241F82B
:10100400232000BF0C37BD4680BC704700E100E0E0
:1010140080B483B000AF03463960FB7197F90730A1
:10102400002B0ADB3B68DAB20C4997F9073012014E
:10103400D2B20B4483F800230AE03B68DAB20849D1
:10104400FB7903F00F03043B1201D2B20B441A766E
:1010540000BF0C37BD4680BC704700BF00E100E014
:1010640000ED00E080B489B000AFF860B9607A6048
:10107400FB6803F00703FB61FB69C3F10703042B5F
:1010840028BF0423BB61FB690433062B02D9FB6927
:10109400033B00E000237B614FF0FF32BB6902FA9F
:1010A40003F3DA43BB681A407B699A404FF0FF317F
:1010B4007B6901FA03F3D9437B680B401343184659
:1010C4002437BD4680BC704780B582B000AF7860DD
:1010D4007B68013BB3F1807F01D301230FE00A4A0F
:1010E4007B68013B53600F214FF0FF30FFF790FF07
:1010F400054B00229A60044B07221A60002318460D
:101104000837BD4680BD00BF10E000E080B582B066
:1011140000AF78607868FFF72DFF00BF0837BD4641
:1011240080BD80B586B000AF0346B9607A60FB73BA
:1011340000237B61FFF742FF78617A68B9687869B8
:10114400FFF790FF024697F90F3011461846FFF754
:101154005FFF00BF1837BD4680BD80B582B000AFC9
:101164000346FB7197F907301846FFF735FF00BFB8
:101174000837BD4680BD80B582B000AF786078681E
:10118400FFF7A2FF034618460837BD4680BD00009E
:1011940080B588B000AF78600023FB610023FB605A
:1011A400A34BBB6100237B6100233B617B68002B65
:1011B40001D1012373E17B6893F84430DBB2002B47
:1011C40006D17B68002283F84520786804F054FD3A
:1011D4000023BB60974B5B6C964A43F48043536493
:1011E400944B5B6C03F48043BB60BB68924B5B68BD
:1011F400914A23F4000353608F4B5A687B681B6A3F
:101204008D4913434B607B681B6803F580531B684F
:101214007A68126843F0010302F580521360FFF705
:101224007BFE786111E0FFF777FE02467B69D31AF3
:10123400B3F5FA7F09D97B68032283F844207B68DD
:10124400002283F84520032329E17B681B6803F50A
:1012540080531B6803F00103002BE4D17B681B68F7
:101264001B69FB61FB6923F01C03FB6103F0AAF813
:10127400B861BB69714A934208D9BB69704A934209
:1012840004D8FB6943F00803FB611AE0BB696C4AAC
:10129400934208D9BB69664A934204D2FB6943F07E
:1012A4000C03FB610DE0BB69614A934203D3BB6944
:1012B400644A934204D9FB6943F00403FB6100E0F0
:1012C40000BF7B681B68FA691A614FF40042002171
:1012D400786800F08EFB0346002B0BD001233B61A2
:1012E4003969786800F044FD7B68012283F8442062
:1012F4000123D4E0FF20FFF719FE7B685B68002B15
:1013040000F0A280FFF708FE786107F10C031A468B
:101314000121786800F005FBFFF7FEFD02467B69BA
:10132400D31A41F2883293420FD901233B613969C0
:10133400786800F01DFD7B68012283F844207B68F7
:10134400002283F845200323A9E0FB6803F004038B
:10135400002BDAD04FF480520021786800F049FB6A
:101364000346002B0BD001233B613969786800F0F8
:10137400FFFC7B68012283F8442001238FE0FFF700
:10138400CBFD786107F10C031A460121786800F05F
:10139400C8FAFFF7C1FD02467B69D31A41F28832CD
:1013A40093420FD901233B613969786800F0E0FC6E
:1013B4007B68012283F844207B68002283F845205F
:1013C40003236CE0FB6803F02003002BDAD007F161
:1013D4000C031A461021786800F0A3FA0346002B88
:1013E4000BD001233B613969786800F0C1FC7B684C
:1013F400012283F84420012351E0FB6803F0040335
:10140400002B04D07B684FF40062DA6002E07B6852
:101414000022DA60FB6803F00203002B03D07B6830
:1014240000229A6032E07B684FF480429A602DE09B
:10143400008793030038024000380140FF2C31013B
:10144400BF0E1602FFE0F5057B68DB68DB089AB285
:101454007B689B685B089BB213439BB21A460021CE
:10146400786800F0C6FA0346002B0BD001233B61D9
:101474003969786800F07CFC7B68012283F8442099
:1014840001230CE040F6FF70FFF750FD39697868DE
:1014940000F06EFC7B68012283F844200023184688
:1014A4002037BD4680BD00BF80B487B000AFF86070
:1014B400B9607A603B6000237B61FB6893F8453038
:1014C400012B01D1022351E0FB68012283F845205E
:1014D400FB68022283F84420FB68BA68DA620023BE
:1014E4007B6130E07B695B01BA6813443B613B6913
:1014F4004FF480121A607B6940F2F45202FB03F34A
:101504007A6813441A463B699A60FB68DB69002BCE
:1015140005D13B691B6843F440023B691A603B6890
:10152400013B7A699A4208D27B6901335B01BA684C
:1015340013441A463B69DA6002E0BA683B69DA6030
:101544007B6901337B617A693B689A42CAD3FB6841
:101554001A68BB6802F580521361FB68012283F8A4
:101564004420FB68002283F84520002318461C37DA
:10157400BD4680BC704780B487B000AFF860B960E6
:101584007A603B6000237B61FB6893F84530012B54
:1015940001D1022355E0FB68012283F84520FB6852
:1015A400022283F84420FB68BA689A6200237B61B4
:1015B40034E07B695B01BA6813443B613B694FF0DB
:1015C40000421A603B6944F2F4525A607B6940F26B
:1015D400F45202FB03F37A6813441A463B699A6097
:1015E400FB689B69012B05D13B695B6823F00042D2
:1015F4003B695A603B68013B7A699A4208D27B692D
:1016040001335B01BA6813441A463B69DA6002E0AD
:10161400BA683B69DA607B6901337B617A693B684C
:101624009A42C6D3FB681A68BB6802F58052D3603D
:10163400FB68012283F84420FB68002283F84520DC
:10164400002318461C37BD4680BC704780B487B061
:1016540000AF7860396000237B610023FB600023C6
:101664003B617B6893F84530012B01D10223CCE028
:101674007B68012283F845207B68022283F844209A
:101684003B68002B09D17B68012283F844207B68E6
:10169400002283F845200123B7E07B68DB6A1B68DE
:1016A400002B09DA7B68122283F844207B6800222D
:1016B40083F845200123A8E03B6840F2F4529342AA
:1016C40015D93B68534AA2FB03239B0A7B613A6802
:1016D400504BA3FB02139B0A40F2F45101FB03F3AA
:1016E400D31A002B05D07B6901337B6101E0012310
:1016F4007B617B69012B1CD17B68DB6A1A687B6880
:10170400DB6A42F040521A607B68DB6A3A68C2F3D3
:101714000C025A607B68DB6A1A687B68DB6A42F0F9
:1017240000421A607B68DB6ADB681A467B68DA620F
:101734004BE000233B6144E07B68DB6A1A687B680A
:10174400DB6A22F040521A603B69002B07D17B68A8
:10175400DB6A1A687B68DB6A42F080521A607B6835
:10176400DB6A40F2F4525A607B69013B3A699A425F
:1017740016D17B68DB6A1A687B68DB6A42F0005228
:101784001A607B69244A03FB02F23B68134403F2A8
:10179400F453FB607B68DB6AFA68C2F30C025A609C
:1017A4007B68DB6A1A687B68DB6A42F000421A6075
:1017B4007B68DB6ADB681A467B68DA623B69013363
:1017C4003B613A697B699A42B6D37B681B6803F52F
:1017D40080535B6903F00403002B0DD07B681B6806
:1017E40003F580531A46042353617B681B6803F591
:1017F40080531A46002353607B68012283F84420F7
:101804007B68002283F84520002318461C37BD4618
:1018140080BC70470BB002AC0CFAFFFF80B485B0FB
:1018240000AF78600023FB607B6893F84530012BA0
:1018340001D1022370E07B68012283F845207B6894
:10184400022283F844207B689B6A1B68002B5ADBC6
:101854007B689B6A1B6803F48073002B30D07B6821
:101864009B6B5A1C7B689A637B689B6B012B03D12F
:101874007B689A6A7B681A637B689A6A7B685A6396
:101884007B689B6A1B681B0CC3F30D03043BFB6062
:101894007B68FA68DA637B681B6B9A687B681A64F6
:1018A4007B689B6ADB681A467B689A627B680122C4
:1018B40083F844207B68002283F8452000232BE032
:1018C4007B689B6A1B6803F40073002B10D07B6851
:1018D4009A6A7B681A637B6800225A637B680122D8
:1018E4009A637B689B6ADB681A467B689A620AE0A3
:1018F4007B689B6B5A1C7B689A637B689B6ADB687A
:101904001A467B689A627B68012283F844207B68CC
:10191400002283F84520012318461437BD4680BCB5
:10192400704780B586B000AFF8600B467A607B8163
:1019340000237B6100233B61FB6893F84430DBB2F6
:10194400822B01D1022350E0FB68822283F84420D9
:10195400FB681B681B697B617B6903F01C037B616B
:10196400FB681B8ADB029BB27A6913437B617B8928
:101974009B0103F4F8637A6913437B617B6923F069
:1019840002037B617B6943F001037B61FB681B6895
:101994007A691A61FFF7C0FA386115E0FFF7BCFAFB
:1019A40002463B69D31AB3F5803F09D3FB68012291
:1019B40083F84420FB68002283F84520032314E0C5
:1019C400FB681B681B697B617B6903F00103002BC7
:1019D400E4D1FB681B685B699BB21A467B681A609A
:1019E400FB68012283F84420002318461837BD46BB
:1019F40080BD80B586B000AFF8600B467A607B810D
:101A040000237B6100233B61FB6893F84430DBB225
:101A1400422B01D102234EE0FB68422283F844208A
:101A2400FB681B681B697B617B6903F01C037B619A
:101A3400FB681B8ADB029BB27A6913437B617B8957
:101A44009B0103F4F8637A6913437B617B6943F078
:101A540002037B617B6943F001037B617B689AB27B
:101A6400FB681B685A61FB681B687A691A61FFF797
:101A740053FA386115E0FFF74FFA02463B69D31A6F
:101A8400B3F5803F09D3FB68012283F84420FB6847
:101A9400002283F8452003230DE0FB681B681B69C3
:101AA4007B617B6903F00103002BE4D1FB68012215
:101AB40083F84420002318461837BD4680BD80B5FE
:101AC40082B000AF78607B6893F84530012B01D178
:101AD40002231FE07B68012283F845207B680222F1
:101AE40083F84420786800F03FFB786800F076FBC8
:101AF400786800F001FC786800F0AAFB786800F0D0
:101B0400D1FB7B68012283F844207B68002283F8A0
:101B14004520002318460837BD4680BD80B582B0F5
:101B240000AF78607B6893F84530012B01D1022324
:101B34001FE07B68012283F845207B68022283F83A
:101B44004420786800F099FB786800F0C0FB78685E
:101B540000F061FB786800F0CFFB786800F021FBAF
:101B64007B68012283F844207B68002283F84520A7
:101B7400002318460837BD4680BD000080B584B0F8
:101B840000AF786039600023FB607B6893F84530D0
:101B9400012B01D10223E4E07B68012283F8452074
:101BA4007B68022283F844203B68002B00F0B1805C
:101BB4007B681B681B68FB60FA686C4B1340FB6016
:101BC4003B681A683B685B681A433B689B681A4326
:101BD4003B68DB681A437B689B681A433B681B6954
:101BE4001A433B685B691A437B68DB681A433B68AA
:101BF4009B691A433B68DB691A433B681B6A1A43B7
:101C04003B685B6A1A433B689B6A1343FA68134355
:101C1400FB607B681B68FA681A607B681B681B683A
:101C2400FB600120FFF782F97B681B68FA681A6081
:101C34003B68DA6A3B681B6B1A433B685B6B1A436D
:101C44003B689B6B1A433B68DB6B1A433B681B6C1A
:101C54001A433B685B6C42EA03013B689A6C7B68FD
:101C64001B680A435A607B681B685B68FB60012041
:101C7400FFF75CF97B681B68FA685A607B681B682D
:101C84003A68D26C9A607B681B683A68126DDA60B5
:101C94007B681B689B69FB60FA684FF641731340CD
:101CA400FB603B685B6D1A043B689B6D1A433B68A1
:101CB400DB6D1A433B681B6E1A433B685B6E1A4329
:101CC4003B689B6E1343FA681343FB607B681B6895
:101CD400FA689A617B681B689B69FB600120FFF7C7
:101CE40025F97B681B68FA689A613B68D96E3B6882
:101CF4001A6F7B681B680A43DA617B681B68DB69BF
:101D0400FB600120FFF712F97B681B68FA68DA614F
:101D14001EE07B681B681B68FB60FB6823F4904330
:101D2400FB607B689A687B68DB681343FA6813433B
:101D3400FB607B681B68FA681A607B681B681B6819
:101D4400FB600120FFF7F2F87B681B68FA681A60F1
:101D54007B68012283F844207B68002283F84520B5
:101D6400002318461037BD4680BD00BF0F8120FFF9
:101D740080B5B0B000AF786039600023C7F8BC30DC
:101D84003B68002B07D07B684FF40062DA607B6805
:101D94004FF480429A600023BB640023FB64002359
:101DA4003B6500237B650023BB650023FB657B68E3
:101DB400DB69002B03D14FF480633B6601E0002311
:101DC4003B664FF400737B660023BB660023FB660F
:101DD40000233B6700237B670023BB674023FB672B
:101DE4000023C7F880300023C7F884300023C7F8E5
:101DF40088300023C7F88C300023C7F890300023C4
:101E0400C7F894300023C7F898300023C7F89C30F3
:101E14008023C7F8A0300023C7F8A4300023C7F8F4
:101E2400A8300023C7F8AC300023C7F8B030002333
:101E3400C7F8B4300023C7F8B8307B681B681B6848
:101E4400C7F8BC30D7F8BC20AA4B1340C7F8BC3045
:101E5400BA6CFB6C1A433B6D1A437B6D1A437B6867
:101E64009B681A43BB6D1A43FB6D1A437B68DB689E
:101E74001A433B6E1A437B6E1A43BB6E1A43FB6EC6
:101E84001A433B6F1343D7F8BC201343C7F8BC3045
:101E94007B681B68D7F8BC201A607B681B681B68CA
:101EA400C7F8BC300120FFF741F87B681B68D7F8FE
:101EB400BC201A607A6FBB6F1A43FB6F1A43D7F8C2
:101EC40080301A43D7F884301A43D7F888301A433D
:101ED400D7F88C3042EA0301D7F890207B681B685E
:101EE4000A435A607B681B685B68C7F8BC300120F2
:101EF400FFF71CF87B681B68D7F8BC205A607B6826
:101F04001B68D7F894209A607B681B68D7F89820E0
:101F1400DA607B681B689B69C7F8BC30D7F8BC20C3
:101F24004FF641731340C7F8BC30D7F89C301A04FD
:101F3400D7F8A0301A43D7F8A4301A43D7F8A830FA
:101F44001A43D7F8AC301A43D7F8B0301343D7F854
:101F5400BC201343C7F8BC307B681B68D7F8BC208F
:101F64009A617B681B689B69C7F8BC300120FEF747
:101F7400DDFF7B681B68D7F8BC209A61D7F8B410E2
:101F8400D7F8B8207B681B680A43DA617B681B6852
:101F9400DB69C7F8BC300120FEF7C8FF7B681B680B
:101FA400D7F8BC20DA610023BB604FF00073FB60FC
:101FB40000233B614FF400137B610023BB610023CA
:101FC400FB6100233B6200237B620423BB624FF06E
:101FD4000073FB624FF480333B634FF480037B63F5
:101FE4004FF40053BB638023FB6300233B64002353
:101FF4007B647B681B6803F580539B69C7F8BC301E
:10200400D7F8BC203C4B1340C7F8BC30BA68FB6817
:102014001A433B691A437B691A43BB691A43FB6938
:102024001A433B6A1A437B6A1A43BB6A1343D7F8C1
:10203400BC201343C7F8BC307B681B6803F580538E
:102044001A46D7F8BC3093617B681B6803F580534C
:102054009B69C7F8BC300120FEF768FF7B681B68EA
:1020640003F580531A46D7F8BC309361FA6A3B6B88
:102074001A437B6B1A43BB6B1A43FB6B1A433B6CCF
:102084009B001A437B6C13437A68126843F4000381
:1020940002F5805213607B681B6803F580531B684C
:1020A400C7F8BC300120FEF741FF7B681B6803F5CD
:1020B40080531A46D7F8BC3013607B689B69012BA8
:1020C4000DD17B681B6803F58053DB697A6812685D
:1020D40043F4803343F0400302F58052D3617B68BC
:1020E4005B691A460021786800F008F800BFC03721
:1020F400BD4680BD0F8120FF233FDEF880B487B04A
:1021040000AFF860B9607A607B6805331B781B0206
:102114007A680432127813437B61BA68104B134413
:102124001A467B6913607B6803331B781A067B6845
:1021340002331B781B041A437B6801331B781B0290
:1021440013437A68127813437B61BA68054B1344CE
:102154001A467B69136000BF1C37BD4680BC7047BC
:10216400408002404480024080B584B000AF786073
:102174000023FB607B681B681A687B681B6842F05D
:1021840008021A607B681B681B68FB60012000F072
:10219400D9F87B681B68FA681A6000BF1037BD461F
:1021A40080BD80B584B000AF78600023FB607B689D
:1021B4001B681A687B681B6822F008021A607B6837
:1021C4001B681B68FB60012000F0BCF87B681B687F
:1021D400FA681A6000BF1037BD4680BD80B584B070
:1021E40000AF78600023FB607B681B681A687B681B
:1021F4001B6842F004021A607B681B681B68FB6062
:10220400012000F09FF87B681B68FA681A6000BF21
:102214001037BD4680BD80B584B000AF7860002320
:10222400FB607B681B681A687B681B6822F00402E9
:102234001A607B681B681B68FB60012000F082F851
:102244007B681B68FA681A6000BF1037BD4680BD02
:1022540080B483B000AF78607B681B6803F580535B
:102264009B697A68126843F4005302F580529361C3
:1022740000BF0C37BD4680BC704780B483B000AF4C
:1022840078607B681B6803F580539B697A681268E1
:1022940023F4005302F58052936100BF0C37BD460E
:1022A40080BC704780B483B000AF78607B681B68E3
:1022B40003F580539B697A68126843F0020302F5C0
:1022C4008052936100BF0C37BD4680BC704780B418
:1022D40083B000AF78607B681B6803F580539B690B
:1022E4007A68126823F0020302F58052936100BFFA
:1022F4000C37BD4680BC704780B584B000AF7860B1
:102304000023FB607B681B6803F580539B697A6834
:10231400126843F4801302F5805293617B681B6852
:1023240003F580539B69FB60012000F00BF87B6888
:102334001A68FB6802F58052936100BF1037BD46EE
:1023440080BD000080B485B000AF78600A4B1B6884
:102354000A4AA2FB03235B0A7A6802FB03F3FB60CD
:1023640000BFFB685A1EFA60002BF9D100BF00BF02
:102374001437BD4680BC704700000020D34D621066
:1023840080B487B000AF7860396000237B616FE16F
:102394003B681A6801217B6901FA03F31340FB606F
:1023A400FB68002B00F061813B685B6803F003036A
:1023B400012B05D03B685B6803F00303022B30D18B
:1023C4007B689B683B617B695B00032202FA03F331
:1023D400DB433A6913403B613B68DA687B695B0025
:1023E40002FA03F33A6913433B617B683A699A60E2
:1023F4007B685B683B6101227B6902FA03F3DB4380
:102404003A6913403B613B685B681B0903F00102B6
:102414007B6902FA03F33A6913433B617B683A69C7
:102424005A603B685B6803F00303032B17D07B6897
:10243400DB683B617B695B00032202FA03F3DB4345
:102444003A6913403B613B689A687B695B0002FA16
:1024540003F33A6913433B617B683A69DA603B688A
:102464005B6803F00303022B23D17B69DA087B68E2
:10247400083253F822303B617B6903F007039B0069
:102484000F2202FA03F3DB433A6913403B613B68D2
:102494001A697B6903F007039B0002FA03F33A69A4
:1024A40013433B617B69DA087B680832396943F876
:1024B40022107B681B683B617B695B00032202FA84
:1024C40003F3DB433A6913403B613B685B6803F009
:1024D40003027B695B0002FA03F33A6913433B612D
:1024E4007B683A691A603B685B6803F44033002BED
:1024F40000F0BB800023BB60644B5B6C634A43F415
:1025040080435364614B5B6C03F48043BB60BB68E2
:102514005F4A7B699B08023352F823303B617B6935
:1025240003F003039B000F2202FA03F3DB433A692F
:1025340013403B617B68574A934231D07B68564ACB
:1025440093422BD07B68554A934225D07B68544AEA
:1025540093421FD07B68534A934219D07B68524AF6
:10256400934213D07B68514A93420DD07B68504A02
:10257400934207D07B684F4A934201D1082310E06D
:1025840009230EE007230CE006230AE0052308E0F4
:10259400042306E0032304E0022302E0012300E015
:1025A40000237A6902F00302920093401A463B69C1
:1025B40013433B6136497B699B0802333A6941F80E
:1025C40023203D4B9B683B61FB68DB433A69134026
:1025D4003B613B685B6803F48013002B03D03A69CA
:1025E400FB6813433B61344A3B699360324BDB68BD
:1025F4003B61FB68DB433A6913403B613B685B68C2
:1026040003F40013002B03D03A69FB6813433B61C6
:10261400294A3B69D360284B5B683B61FB68DB4319
:102624003A6913403B613B685B6803F40033002B59
:1026340003D03A69FB6813433B611F4A3B6953600B
:102644001D4B1B683B61FB68DB433A6913403B61EC
:102654003B685B6803F48033002B03D03A69FB6862
:1026640013433B61144A3B6913607B6901337B610B
:102674003B681A687B6922FA03F3002B7FF488AE67
:1026840000BF00BF1C37BD4680BC70470038024005
:1026940000380140000002400004024000080240EB
:1026A400000C0240001002400014024000180240D6
:1026B400001C024000200240003C014080B483B072
:1026C40000AF78600B467B8013467B707B78002BD1
:1026D40003D07A887B689A6103E07B881A047B685C
:1026E4009A6100BF0C37BD4680BC704780B586B088
:1026F40002AF78607B68002B01D1012301E17B6884
:102704001B68BB607B6893F89534DBB2002B06D161
:102714007B68002283F8942478680EF0A9FE7B6815
:10272400032283F89524BB68B3F1A04F02D17B68E0
:1027340000229A717B681B68184601F059FF7B6878
:1027440018687B681A7C8DF8002004330ECB01F0E6
:1027540043FE0346002B05D07B68022283F89524B0
:102764000123CEE07B681B680021184601F050FF6E
:102774000346002B05D07B68022283F895240123AD
:10278400BFE00023FB734AE0FA7B79681346DB0061
:1027940013449B000B44153301221A70FA7B7968A9
:1027A4001346DB0013449B000B441433FA7B1A706A
:1027B400FA7BFB7B98B279681346DB0013449B00D9
:1027C4000B442E3302461A80FA7B79681346DB00E9
:1027D40013449B000B44183300221A70FA7B796867
:1027E4001346DB0013449B000B441C3300221A6085
:1027F400FA7B79681346DB0013449B000B442033B7
:1028040000221A60FA7B79681346DB0013449B00AC
:102814000B44243300221A60FB7B0133FB737B6877
:102824001B79FA7B9A42AFD30023FB7344E0FA7B13
:1028340079681346DB0013449B000B4403F25523D1
:1028440000221A70FA7B79681346DB0013449B005C
:102854000B4403F51573FA7B1A70FA7B79681346F7
:10286400DB0013449B000B4403F5167300221A701B
:10287400FA7B79681346DB0013449B000B4403F591
:10288400177300221A60FA7B79681346DB0013443D
:102894009B000B4403F5187300221A60FA7B7968D5
:1028A4001346DB0013449B000B4403F51973002209
:1028B4001A60FB7B0133FB737B681B79FA7B9A42BA
:1028C400B5D37B6818687B681A7C8DF800200433C4
:1028D4000ECB01F0E9FE0346002B05D07B680222F3
:1028E40083F8952401230CE07B6800225A747B68EA
:1028F400012283F895247B681B68184602F020FFA8
:10290400002318461037BD4680BD80B582B000AFA5
:1029140078607B6893F89434012B01D1022312E090
:102924007B68012283F894247B681B68184601F0B5
:102934004FFE7B681B68184602F0E2FE7B680022AB
:1029440083F89424002318460837BD4680BD90B50B
:102954008DB000AF78607B681B683B623B6AFB61AB
:102964007B681B68184602F099FF0346002B40F071
:102974007E847B681B68184602F002FF0346002B26
:1029840000F07484FB6903F500639B681B0AC3F3BE
:102994000D027B68C3F8D4247B681B68184602F0D8
:1029A400EFFE034603F00203022B07D17B681B688A
:1029B4005A697B681B6802F002025A617B681B68D3
:1029C400184602F0DDFE034603F01003102B61D11C
:1029D4007B681B689A697B681B6822F010029A6105
:1029E4003B6A1B6ABB61BB6903F00F021346DB0041
:1029F40013449B0003F514737A68134404337B6116
:102A0400BB695B0C03F00F03022B24D1BA6947F6B0
:102A1400F0731340002B35D07B69D968BB691B095F
:102A24009BB2C3F30A039BB21A46386A02F01AFD3A
:102A34007B69DA68BB691B09C3F30A031A447B691F
:102A4400DA607B695A69BB691B09C3F30A031A4438
:102A54007B695A6116E0BB695B0C03F00F03062B1C
:102A640010D17B6803F29C4308221946386A02F0AD
:102A7400F9FC7B695A69BB691B09C3F30A031A444D
:102A84007B695A617B681B689A697B681B6842F0A2
:102A940010029A617B681B68184602F071FE0346B7
:102AA40003F40023B3F5002F40F0A78000237B62DA
:102AB4007B681B68184602F075FEB86299E0BB6A31
:102AC40003F00103002B00F08E807B681B687A6A98
:102AD400D2B21146184602F097FE38613B6903F002
:102AE4000103002B0CD07B6A5A01FB69134403F5E4
:102AF40030631A4601239360796A786800F092FE85
:102B04003B6903F00803002B0CD07B6A5A01FB6974
:102B1400134403F530631A4608239360796A78688E
:102B240000F068FF3B6903F01003002B08D07B6AB8
:102B34005A01FB69134403F530631A46102393606A
:102B44003B6903F00203002B30D03B6A5B6903F05E
:102B54008003802B09D1FB6903F500635B68FA6984
:102B640002F5006243F4806353607A6A1346DB0023
:102B740013449B0003F514737A68134404337B6194
:102B84007B69DB78012B08D17B690022DA707B6AD0
:102B9400DBB2194678680EF07FFD7B6A5A01FB6947
:102BA400134403F530631A46022393603B6903F030
:102BB4002003002B08D07B6A5A01FB69134403F5F8
:102BC40030631A46202393603B6903F40053002BBF
:102BD40009D07B6A5A01FB69134403F530631A4632
:102BE4004FF4005393607B6A01337B62BB6A5B08DA
:102BF400BB62BB6A002B7FF462AF7B681B6818461C
:102C040002F0BEFD034603F48023B3F5802F40F0A9
:102C1400DB807B681B68184602F0DDFDB862002388
:102C24007B62CDE0BB6A03F00103002B00F0C2809D
:102C34007B681B687A6AD2B21146184602F001FE1C
:102C440038613B6903F00103002B57D07B6A03F022
:102C54000F03012202FA03F3FB60FB6903F500632F
:102C64005A6BFB68DB43F96901F5006113404B6360
:102C74007B6A5A01FB69134403F510631A46012366
:102C840093607B689B79012B32D179687A6A134609
:102C9400DB0013449B000B442033196878687A6A7C
:102CA4001346DB0013449B0003441C331B68194484
:102CB40078687A6A1346DB0013449B00034420338C
:102CC40019607B6A002B13D179687A6A1346DB009A
:102CD40013449B000B4424331B68002B08D17B68EE
:102CE40018687B6803F29C431A46012102F006FE31
:102CF4007B6ADBB2194678680EF049FC3B6903F045
:102D04000803002B08D07B6A5A01FB69134403F5BE
:102D140010631A46082393603B6903F01003002BE9
:102D240008D07B6A5A01FB69134403F510631A4601
:102D3400102393603B6903F04003002B08D07B6AA7
:102D44005A01FB69134403F510631A464023936048
:102D54003B6903F00203002B23D0796A386A01F03F
:102D640007FE7A6A1346DB0013449B0010337A682B
:102D7400134404337B617B69DB78012B08D17B69C5
:102D84000022DA707B6ADBB2194678680EF096FC92
:102D94007B6A5A01FB69134403F510631A46022344
:102DA40093603B6903F08003002B03D0796A786851
:102DB40000F0ACFC7B6A01337B62BB6A5B08BB62DC
:102DC400BB6A002B7FF42EAF7B681B68184602F0A9
:102DD400D7FC034603F00043B3F1004F14D1FB6961
:102DE40003F500635B68FA6902F5006223F00103EE
:102DF400536078680EF042FC7B681B685A697B68F4
:102E04001B6802F000425A617B681B68184602F096
:102E1400B7FC034603F40063B3F5006F12D1FB69FA
:102E240003F500639B6803F00103012B02D178686A
:102E34000EF0FEFB7B681B685A697B681B6802F412
:102E440000625A617B681B68184602F099FC0346CD
:102E540003F48053B3F5805F40F0B780FB6903F55A
:102E640000635B68FA6902F5006223F001035360B2
:102E74007B681B681021184601F07AFD0023FB6271
:102E840046E0FB6A5A01FB69134403F510631A46D2
:102E94004FF67F339360FB6A5A01FB69134403F5D1
:102EA40010631B68FA6A5101FA690A4402F5106258
:102EB40023F400131360FB6A5A01FB69134403F5FE
:102EC40030631A464FF67F339360FB6A5A01FB69FD
:102ED400134403F530631B68FA6A5101FA690A4422
:102EE40002F5306223F400131360FB6A5A01FB6994
:102EF400134403F530631B68FA6A5101FA690A4402
:102F040002F5306243F000631360FB6A0133FB6235
:102F14007B681B791A46FB6A9342B2D3FB6903F5BB
:102F24000063DB69FA6902F5006243F00113D361BF
:102F34007B68DB7B002B16D0FB6903F50063D3F8B9
:102F44008430FA6902F5006243F00B03C2F884305E
:102F5400FB6903F500635B6CFA6902F5006243F0F8
:102F64000B03536415E0FB6903F500635B69FA69BD
:102F740002F5006243F4005343F02B035361FB69F1
:102F840003F500631B69FA6902F5006243F00B0361
:102F94001361FB6903F500631B68FA6902F50062BB
:102FA40023F4FE6313607B6818687B6899797B68F7
:102FB40003F29C431A4602F0A1FC7B681B685A6921
:102FC4007B681B6802F480525A617B681B68184650
:102FD40002F0D6FB034603F40053B3F5005F23D19C
:102FE4007B681B68184602F066FC7B681B68184601
:102FF40001F034FD03461A467B68DA717B681C686D
:1030040001F0E0F901467B68DB791A46204601F0BD
:103014003DFA78680EF0E3FA7B681B685A697B68AE
:103024001B6802F400525A617B681B68184602F060
:10303400A7FB034603F00803082B0AD178680EF0B7
:10304400C0FA7B681B685A697B681B6802F0080237
:103054005A617B681B68184602F092FB034603F032
:103064008003802B23D13B6A9B6923F080023B6A57
:103074009A6101237B6214E079687A6A1346DB0063
:1030840013449B000B4403F257231B78012B05D1F7
:103094007B6ADBB21946786800F007FB7B6A013370
:1030A4007B627B681B791A467B6A9342E4D37B6814
:1030B4001B68184602F064FB034603F48013B3F55F
:1030C400801F3CD101237B622BE07B6A5A01FB69A0
:1030D400134403F510631B68BB6179687A6A13466D
:1030E400DB0013449B000B4418331B78012B15D1D0
:1030F400BB69002B12DA79687A6A1346DB00134441
:103104009B000B44173301221A707B6ADBB263F015
:103114007F03DBB21946786800F0C7FA7B6A013393
:103124007B627B681B791A467B6A9342CDD37B68AA
:103134001B685A697B681B6802F480125A617B68B9
:103144001B68184602F01CFB034603F40013B3F596
:10315400001F56D101237B6245E07B6A5A01FB695B
:10316400134403F530631B68BB6179687A6A1346BC
:10317400DB0013449B000B4403F516731B78012BEF
:103184002ED1BB69002B2BDABB6903F480327B6838
:10319400D3F8D43403F001039A4221D179687A6ACE
:1031A4001346DB0013449B000B4403F25723012214
:1031B4001A703B6A9B6943F080023B6A9A613B6ADE
:1031C4005B6903F08003002B0AD1FB6903F50063FC
:1031D4005B68FA6902F5006243F40073536008E027
:1031E4007B6A01337B627B681B791A467B6A934254
:1031F400B3D37B681B685A697B681B6802F40012AE
:103204005A617B681B68184602F0BAFA034603F059
:103214008043B3F1804F0AD178680EF061FA7B687D
:103224001B685A697B681B6802F080425A617B689C
:103234001B68184602F0A4FA034603F00403042BA7
:1032440015D17B681B685B68BB61BB6903F0040331
:10325400002B02D078680EF051FA7B681B6859681D
:103264007B681B68BA690A435A6000E000BF3437C0
:10327400BD4690BD80B582B000AF78600B46FB7050
:103284007B6893F89434012B01D1022312E07B680C
:10329400012283F894247B68FA785A747B681B684B
:1032A400FA781146184602F006FA7B68002283F881
:1032B4009424002318460837BD4680BD80B584B0E9
:1032C40000AF7860084611461A460346FB700B4669
:1032D4003B801346BB700023FB7297F90330002B2D
:1032E4000FDAFB7803F00F021346DB0013449B0054
:1032F40010337A6813440433FB60FB6801225A706C
:103304000FE0FB7803F00F021346DB0013449B002D
:1033140003F514737A6813440433FB60FB680022DA
:103324005A70FB7803F00F03DAB2FB681A703A881C
:10333400FB689A60FB68BA781A71FB685B78002BAB
:1033440004D0FB681B789AB2FB685A83BB78022BC3
:1033540002D1FB6800225A717B6893F89434012BE4
:1033640001D102230EE07B68012283F894247B6858
:103374001B68F968184601F095FB7B68002283F806
:103384009424FB7A18461037BD4680BD80B584B0BE
:1033940000AF78600B46FB7097F90330002B0FDA0F
:1033A400FB7803F00F021346DB0013449B00103339
:1033B4007A6813440433FB60FB6801225A700FE0FF
:1033C400FB7803F00F021346DB0013449B0003F564
:1033D40014737A6813440433FB60FB6800225A7048
:1033E400FB7803F00F03DAB2FB681A707B6893F87A
:1033F4009434012B01D102230EE07B68012283F86F
:1034040094247B681B68F968184601F0D1FB7B683B
:10341400002283F89424002318461037BD4680BD4B
:1034240080B586B000AFF8607A603B600B46FB72F3
:10343400FB7A03F00F021346DB0013449B0003F5F1
:103444001473FA68134404337B617B697A68DA6025
:103454007B693A681A617B6900225A617B690022A0
:103464005A70FB7A03F00F03DAB27B691A70FB68B7
:103474009B79012B02D17A687B69DA61FB68186851
:10348400FB689B791A46796901F06EFC00231846A3
:103494001837BD4680BD80B483B000AF78600B465A
:1034A400FB70FB7803F00F0279681346DB001344CA
:1034B4009B000B4403F51A731B6818460C37BD4672
:1034C40080BC704780B586B000AFF8607A603B601E
:1034D4000B46FB72FB7A03F00F021346DB00134426
:1034E4009B001033FA68134404337B617B697A6868
:1034F400DA607B693A681A617B6900225A617B69E8
:1035040001225A70FB7A03F00F03DAB27B691A7056
:10351400FB689B79012B02D17A687B69DA61FB68CD
:103524001868FB689B791A46796901F01DFC002331
:1035340018461837BD4680BD80B584B000AF7860AA
:103544000B46FB70FB7803F00F037A681279934201
:1035540001D901234FE097F90330002B0FDAFB78F0
:1035640003F00F021346DB0013449B0010337A6808
:1035740013440433FB60FB6801225A700DE0FA78AF
:103584001346DB0013449B0003F514737A68134459
:103594000433FB60FB6800225A70FB6801229A70B6
:1035A400FB7803F00F03DAB2FB681A707B6893F8B8
:1035B4009434012B01D102231DE07B68012283F89E
:1035C40094247B681B68F968184601F0A2FFFB7815
:1035D40003F00F03002B09D17B6818687B68997985
:1035E4007B6803F29C431A4602F088F97B68002248
:1035F40083F89424002318461037BD4680BD80B557
:1036040084B000AF78600B46FB70FB7803F00F03C7
:103614007A681279934201D9012342E097F9033081
:10362400002B0FDAFB7803F00F021346DB00134480
:103634009B0010337A6813440433FB60FB68012257
:103644005A700FE0FB7803F00F021346DB001344BB
:103654009B0003F514737A6813440433FB60FB681E
:1036640000225A70FB6800229A70FB7803F00F0363
:10367400DAB2FB681A707B6893F89434012B01D199
:1036840002230EE07B68012283F894247B681B6884
:10369400F968184601F0AAFF7B68002283F8942495
:1036A400002318461037BD4680BD80B584B000AFF6
:1036B40078600B46FB7097F90330002B0CDAFB782B
:1036C40003F00F021346DB0013449B0010337A68A7
:1036D40013440433FB600CE0FB7803F00F02134641
:1036E400DB0013449B0003F514737A68134404331A
:1036F400FB607B681B68F968184601F0CDFD034642
:10370400FB72FB7A18461037BD4680BD80B58AB07F
:1037140002AF786039607B681B687B617B693B61C1
:103724003A681346DB0013449B0010337A68134451
:103734000433FB60FB685A69FB681B699A4201D930
:1037440001236BE0FB681A69FB685B69D31AFB61B0
:10375400FB689B68FA699A4202D9FB689B68FB6123
:10376400FB6903339B08BB612AE0FB681A69FB68A9
:103774005B69D31AFB61FB689B68FA699A4202D9B8
:10378400FB689B68FB61FB6903339B08BB61FB68B7
:10379400D9683B68DAB2FB6998B27B689B7900937D
:1037A4000346786901F021FEFB68DA68FB691A4474
:1037B400FB68DA60FB685A69FB691A44FB685A6162
:1037C4003B685A013B69134403F510639B699BB240
:1037D400BA699A4209D8FB685A69FB681B699A421C
:1037E40003D2FB681B69002BBFD1FB681A69FB6815
:1037F4005B699A4211D83B6803F00F03012202FA75
:1038040003F3BB603B6903F500635A6BBB68DB439E
:10381400396901F5006113404B63002318462037D2
:10382400BD4680BD80B588B000AF786039607B68E4
:103834001B68FB61FB69BB61FB693C3304331B6898
:103844007B613B685A01BB69134403F530639B6891
:103854003B617B689B79012B7BD13B6903F00803B7
:10386400002B15D07B69614A934240F2B9803B69D1
:1038740003F40043002B00F0B3803B685A01BB699A
:10388400134403F530631A464FF400439360A7E0F2
:103894003B6903F02003002B09D03B685A01BB6944
:1038A400134403F530631A462023936098E03B6980
:1038B40003F02803002B40F093807B694B4A93422A
:1038C4000FD93B6903F40043002B0AD03B685A012B
:1038D400BB69134403F530631A464FF40043936005
:1038E4007EE03A681346DB0013449B0003F514732F
:1038F4007A6813440433FB60FB681A6A3B68590115
:10390400BB690B4403F530631B69C3F31203D21A7A
:10391400FB685A613B68002B14D1FB681B69002BC0
:1039240009D17B6818687B6803F29C431A4601211D
:1039340001F0E4FF06E0FB68DA68FB685B691A449F
:10394400FB68DA603B68DBB2194678680DF004FE68
:1039540046E07B69264A934224D13B6903F4004341
:10396400002B0AD03B685A01BB69134403F530634A
:103974001A464FF40043936032E03B6903F020039E
:10398400002B08D03B685A01BB69134403F530632C
:103994001A46202393603B68DBB2194678680DF021
:1039A400DBFD1DE03B68002B14D179683A681346AF
:1039B400DB0013449B000B4403F519731B68002BB5
:1039C40008D17B6818687B6803F29C431A4600217F
:1039D40001F094FF3B68DBB2194678680DF0BCFD3A
:1039E400002318462037BD4680BD00BF0A30544F1F
:1039F4000A31544F80B586B000AF786039607B6877
:103A04001B687B617B693B617B693C3304331B68C6
:103A1400FB603B685A013B69134403F530639B68C0
:103A2400BB60FB68154A93420ED9BB6803F400439C
:103A3400002B09D03B685A013B69134403F53063FA
:103A44001A464FF40043936078680DF073FDFB68E9
:103A54000A4A93420CD97B689B79012B08D17B6875
:103A640018687B6803F29C431A46012101F046FF63
:103A7400002318461837BD4680BD00BF0A30544F96
:103A840080B485B000AF78600B46FB7013463B8072
:103A94007B681B685B6ABB60FB78002B07D13B88A3
:103AA40019047B681B68BA680A439A6228E07B6839
:103AB4001B689B6A1B0CBA681344BB600023FB732E
:103AC4000DE07B681A68FB7B40339B0013445B6802
:103AD4001B0CBA681344BB60FB7B0133FB73FA7B9A
:103AE400FB78013B9A42ECD33B8818047B68196845
:103AF400FB78013BBA68024340339B000B445A6095
:103B0400002318461437BD4680BC704780B483B088
:103B140000AF78600B467B807B681B687A885A62AA
:103B2400002318460C37BD4680BC704780B58AB068
:103B340000AF78607B68002B01D101233BE27B68F6
:103B44001B6803F00103002B50D09E4B9B6803F0CD
:103B54000C03042B0CD09B4B9B6803F00C03082B29
:103B640012D1984B5B6803F48003B3F5800F0BD13B
:103B7400944B1B6803F40033002B36D07B685B68DE
:103B8400002B32D1012316E27B685A688E4BD2B2E5
:103B94001A707B685B68002B13D0FDF7BDF938629F
:103BA40008E0FDF7B9F902463B6AD31A642B01D940
:103BB400032300E2834B1B6803F40033002BF0D093
:103BC40014E0FDF7A9F9386208E0FDF7A5F902460B
:103BD4003B6AD31A642B01D90323ECE1794B1B68AC
:103BE40003F40033002BF0D100E000BF7B681B68B6
:103BF40003F00203002B77D0724B9B6803F00C0395
:103C0400002B0BD06F4B9B6803F00C03082B26D1C1
:103C14006C4B5B6803F48003002B20D1694B1B6859
:103C240003F00203002B05D07B68DB68012B01D075
:103C34000123C0E1634B1B6823F0F8027B681B6916
:103C4400F821B961B96991FAA1F179617969B1FA97
:103C540081F1C9B28B405B4913430B6044E07B683C
:103C6400DB68002B2AD0594B01221A60FDF754F966
:103C7400386208E0FDF750F902463B6AD31A022B7A
:103C840001D9032397E14F4B1B6803F00203002B78
:103C9400F0D04C4B1B6823F0F8027B681B69F821B9
:103CA4003961396991FAA1F1F960F968B1FA81F1E0
:103CB400C9B28B40434913430B6015E0434B0022C8
:103CC4001A60FDF729F9386208E0FDF725F9024684
:103CD4003B6AD31A022B01D903236CE1394B1B68CD
:103CE40003F00203002BF0D17B681B6803F0080388
:103CF400002B30D07B685B69002B16D0344B01223B
:103D04001A60FDF709F9386208E0FDF705F9024683
:103D14003B6AD31A022B01D903234CE1294B5B6F75
:103D240003F00203002BF0D015E0294B00221A60A7
:103D3400FDF7F2F8386208E0FDF7EEF802463B6A58
:103D4400D31A022B01D9032335E11E4B5B6F03F019
:103D54000203002BF0D17B681B6803F00403002BE3
:103D640000F08780002387F82730164B1B6C03F084
:103D74008053002B10D10023BB60124B1B6C114AE3
:103D840043F0805313640F4B1B6C03F08053BB60F0
:103D9400BB68012387F827300E4B1B680D4A43F498
:103DA400807313600B4B1B6803F48073002B22D1C8
:103DB400084B1B68074A43F480731360FDF7ACF8A3
:103DC400386212E0003802400238024000004742E4
:103DD400800E474200700040FDF79EF802463B6AA1
:103DE400D31A022B01D90323E5E0754B1B6803F4B6
:103DF4008073002BF0D07B689A68724BD2B21A7031
:103E04007B689B68002B15D0FDF786F838620AE0C2
:103E1400FDF782F802463B6AD31A41F28832934294
:103E240001D90323C7E0684B1B6F03F00203002B87
:103E3400EED014E0FDF770F838620AE0FDF76CF894
:103E440002463B6AD31A41F28832934201D90323D2
:103E5400B1E05D4B1B6F03F00203002BEED197F82A
:103E64002730012B05D1584B1B6C574A23F0805344
:103E740013647B689B69002B00F09C80524B9B6809
:103E840003F00C03082B61D07B689B69022B46D19D
:103E94004E4B00221A60FDF73FF8386208E0FDF748
:103EA4003BF802463B6AD31A642B01D9032382E010
:103EB400454B1B6803F00073002BF0D1424B5A684A
:103EC400434B13407A68D1697A68126A11437A685D
:103ED400526A920111437A68D26A120611437A68CF
:103EE400926A5208013A12040A43374913434B6059
:103EF400364B01221A60FDF70FF8386208E0FDF72F
:103F04000BF802463B6AD31A642B01D9032352E00F
:103F14002D4B1B6803F00073002BF0D04AE02B4BB1
:103F240000221A60FCF7F8FF386208E0FCF7F4FF9F
:103F340002463B6AD31A642B01D903233BE0224B8C
:103F44001B6803F00073002BF0D133E07B689B699E
:103F5400012B01D101232EE01B4B5B68FB61FB6944
:103F640003F480027B68DB699A4221D1FB6903F088
:103F74003F027B681B6A9A421AD1FA6947F6C073FA
:103F840013407A68526A9201934211D1FB6903F497
:103F940040327B689B6A5B08013B1B049A4207D151
:103FA400FB6903F070627B68DB6A1B069A4201D0EE
:103FB400012300E0002318462837BD4680BD00BF1A
:103FC40000700040703802400038024060004742F0
:103FD4000080BCF080B586B000AF786039607B6843
:103FE400002B01D10123D2E06B4B1B6803F00F03BC
:103FF4003A689A420CD9684B3A68D2B21A70664B46
:104004001B6803F00F033A689A4201D00123BEE013
:104014007B681B6803F00203002B20D07B681B68BD
:1040240003F00403002B05D05C4B9B685B4A43F40C
:10403400E05393607B681B6803F00803002B05D0F2
:10404400564B9B68554A43F460439360534B9B68BB
:1040540023F0F0027B689B68504913438B607B68B4
:104064001B6803F00103002B40D07B685B68012BC5
:1040740007D14A4B1B6803F40033002B15D10123ED
:1040840085E07B685B68022B07D1444B1B6803F017
:104094000073002B09D1012379E0404B1B6803F026
:1040A4000203002B01D1012371E03C4B9B6823F0F8
:1040B40003027B685B68394913438B60FCF72CFF70
:1040C40078610AE0FCF728FF02467B69D31A41F2C3
:1040D4008832934201D9032359E0304B9B6803F0A3
:1040E4000C027B685B689B009A42EBD12A4B1B68ED
:1040F40003F00F033A689A420CD2274B3A68D2B2C3
:104104001A70254B1B6803F00F033A689A4201D0DA
:1041140001233CE07B681B6803F00403002B08D0F8
:104124001E4B9B6823F4E0527B68DB681B491343F6
:104134008B607B681B6803F00803002B09D0174BC6
:104144009B6823F460427B681B69DB0013491343BB
:104154008B6000F02BF80146104B9B6803F0F003D2
:10416400F0223A613A6992FAA2F2FA60FA68B2FA73
:1041740082F2D2B2D3400A4AD35C21FA03F3094A49
:104184001360094B1B681846FCF784FE002318468D
:104194001837BD4680BD00BF003C024000380240D5
:1041A400DC46010800000020040000202DE9B04F87
:1041B40094B000AF00237B640023FB6400233B64C2
:1041C4000023BB647C4B9B6803F00C03082B0DD0CD
:1041D400082B00F2E780002B02D0042B03D0E1E08F
:1041E400764BBB64E1E0764BBB64DEE0724B5B680C
:1041F40003F03F037B64704B5B6803F48003002B84
:1042040065D06D4B5B689B090022BB63FA63BB6B93
:10421400C3F308033B6300237B63D7E90C452246C1
:104224002B464FF000004FF00001590141EAD261E2
:10423400500102460B462146511A3961294663EB67
:1042440001037B614FF000024FF00003D7E904AB98
:1042540059468B01514643EA916351468A01D4463B
:10426400B2EB0C08594663EB01094FF000024FF022
:1042740000034FEAC90343EA58734FEAC802904661
:104284009946234618EB0303BB602B4649EB030313
:10429400FB604FF000024FF00003D7E902452946C6
:1042A4004B0220462946044643EAD45301464A02B7
:1042B400104619467B6C0022BB62FA62D7E90A23D6
:1042C400FBF786FF02460B461346FB645CE03A4B61
:1042D4005B689B09002218461146C0F308033B6241
:1042E40000237B62D7E9088942464B464FF0000021
:1042F4004FF00001590141EAD261500102460B46D8
:10430400C446B2EB0C0A404649468C4663EB0C0BA0
:104314004FF000024FF000034FEA8B1343EA9A6315
:104324004FEA8A12B2EB0A0463EB0B054FF000026A
:104334004FF00003EB0043EA5473E20014461D46B9
:104344000346E3183B600B4645EB03037B604FF0E9
:1043540000024FF00003D7E9004529468B022046AE
:104364002946044643EA945301468A0210461946F4
:104374007B6C0022BB61FA61D7E90623FBF728FFB7
:1043840002460B461346FB640B4B5B681B0C03F0A5
:10439400030301335B003B64FA6C3B6CB2FBF3F345
:1043A400BB6402E0054BBB6400BFBB6C18465037CE
:1043B400BD46BDE8B08F00BF003802400024F400C1
:1043C40000127A0080B400AF024B1B681846BD4649
:1043D40080BC70470000002084B080B584B000AF7A
:1043E400786007F11C0080E80E0097F82130012B5B
:1043F40023D17B689B6B23F480327B689A637B6850
:10440400DB6823F4840323F040037A68D3607B6879
:10441400DB6823F440127B68DA6097F82830012BBC
:1044240005D17B68DB6843F480127B68DA607868C6
:1044340001F0C0FA0346FB7310E07B68DB6843F0CD
:1044440040027B68DA60786801F0B4FA0346FB73D3
:104454007B689B6B43F480327B689A63BB7F012B40
:104464000BD17B689B6843F006027B689A607B688B
:104474009B6843F020027B689A60FB7B18461037E8
:10448400BD46BDE8804004B07047000080B487B0EA
:1044940000AFF860B9601346FB71FB79022B65D15C
:1044A400BB68414A934206D9BB68404A934202D250
:1044B4000F237B6162E0BB683C4A934206D3BB682E
:1044C4003B4A934202D20E237B6157E0BB68384AD1
:1044D400934206D3BB68374A934202D20D237B61D1
:1044E4004CE0BB68334A934206D3BB68324A9342DA
:1044F40002D80C237B6141E0BB682F4A934206D962
:10450400BB682E4A934202D80B237B6136E0BB681A
:104514002A4A934206D9BB68294A934202D80A23FD
:104524007B612BE0BB68264A934206D9BB68254AC7
:10453400934202D209237B6120E0BB68214A934263
:1045440006D3BB68204A934202D808237B6115E056
:10455400BB681D4A934206D9BB681C4A934202D2E7
:1045640007237B610AE006237B6107E0FB79002BCC
:1045740002D109237B6101E009237B61FB68DB68CD
:1045840023F47052FB68DA60FB68DA687B699B028B
:1045940003F470531A43FB68DA60002318461C378F
:1045A400BD4680BC704700BFBFACD800C0E1E4008A
:1045B4000024F400807306019F491A01FF2C310185
:1045C4003FA44C0100366E011FABA6010048E80170
:1045D40080B483B000AF78607B689B6843F00102CD
:1045E4007B689A60002318460C37BD4680BC704730
:1045F40080B483B000AF78607B689B6823F00102CD
:104604007B689A60002318460C37BD4680BC70470F
:1046140080B584B000AF78600B46FB700023FB606C
:104624007B68DB6823F0C0427B68DA60FB78012B8F
:1046340015D17B68DB6843F000527B68DA600A209E
:10464400FCF774FCFB680A33FB60786801F026F918
:104654000346012B1ED0FB68C72BF0D91AE0FB7868
:10466400002B15D17B68DB6843F080427B68DA60FD
:104674000A20FCF75BFCFB680A33FB60786801F0F6
:104684000DF90346002B05D0FB68C72BF0D901E0D8
:10469400012305E0FB68C82B01D1012300E00023BE
:1046A40018461037BD4680BD84B080B586B000AFD3
:1046B400786007F1240080E80E000023FB757B6816
:1046C400FB6000233B6109E07A683B6940339B004F
:1046D400134400225A603B6901333B613B690E2B52
:1046E400F2D997F82E30002B1CD1FB6803F5006338
:1046F4005B68FA6802F5006243F0020353607B686A
:104704009B6B43F400127B689A637B689B6B23F476
:1047140000227B689A637B689B6B23F480227B680E
:104724009A630BE07B689B6B23F400127B689A63AB
:104734007B689B6B43F400227B689A63FB6803F5F8
:1047440060631A460023136097F82930012B0DD1BA
:1047540097F82730002B04D10021786800F066F91F
:1047640008E00121786800F061F903E0032178682A
:1047740000F05CF91021786800F0FAF80346002B89
:1047840001D00123FB75786800F023F90346002B60
:1047940001D00123FB75FB6803F500631A4600236F
:1047A4001361FB6803F500631A4600235361FB6839
:1047B40003F500631A460023D36100233B6143E001
:1047C4003B695A01FB68134403F510631B6803F04B
:1047D4000043B3F1004F18D13B69002B0AD13B6968
:1047E4005A01FB68134403F510631A464FF0006343
:1047F400136013E03B695A01FB68134403F510632B
:104804001A464FF09043136008E03B695A01FB6875
:10481400134403F510631A46002313603B695A01DD
:10482400FB68134403F510631A46002313613B69C4
:104834005A01FB68134403F510631A464FF67F339D
:1048440093603B6901333B6197F824301A463B6916
:104854009342B5D300233B6143E03B695A01FB68B3
:10486400134403F530631B6803F00043B3F1004FB6
:1048740018D13B69002B0AD13B695A01FB681344E8
:1048840003F530631A464FF00063136013E03B698D
:104894005A01FB68134403F530631A464FF0904302
:1048A400136008E03B695A01FB68134403F5306365
:1048B4001A46002313603B695A01FB68134403F54D
:1048C40030631A46002313613B695A01FB681344A1
:1048D40003F530631A464FF67F3393603B69013327
:1048E4003B6197F824301A463B699342B5D3FB6881
:1048F40003F500631B69FA6802F5006223F4807310
:1049040013617B6800229A617B686FF080425A6170
:1049140097F82630002B05D17B689B6943F0100281
:104924007B689A617B689A69104B13437A68936138
:1049340097F82A30002B05D07B689B6943F0080266
:104944007B689A6197F82E30012B07D17B689B69AD
:1049540043F0804343F004037A689361FB7D184677
:104964001837BD46BDE8804004B0704700383C802D
:1049740080B485B000AF786039600023FB60FB68C9
:104984000133FB60FB68B3F1706F01D903231BE0B3
:104994007B681B69002BF2DA0023FB603B689B01F8
:1049A40043F020027B681A61FB680133FB60FB68FB
:1049B400B3F1706F01D9032306E07B681B6903F030
:1049C4002003202BF0D0002318461437BD4680BCAA
:1049D400704780B485B000AF78600023FB60FB684B
:1049E4000133FB60FB68B3F1706F01D9032318E056
:1049F4007B681B69002BF2DA0023FB607B681022C2
:104A04001A61FB680133FB60FB68B3F1706F01D975
:104A1400032306E07B681B6903F01003102BF0D01E
:104A2400002318461437BD4680BC704780B485B057
:104A340000AF78600B46FB707B68FB60FB6803F596
:104A440000631A68FB78F96801F5006113430B6091
:104A5400002318461437BD4680BC704780B487B025
:104A640000AF78607B683B613B6903F500639B683A
:104A740003F00603FB60FB68002B02D10023FB75E7
:104A84000AE0FB68022B02D0FB68062B02D102234A
:104A9400FB7501E00F23FB75FB7D18461C37BD46F3
:104AA40080BC704780B485B000AF786039607B68A3
:104AB400FB603B681B78BB603B685B78012B3AD199
:104AC400FB6803F50063DA693B681B7803F00F03A6
:104AD400012101FA03F39BB2F96801F50061134364
:104AE400CB61BB685A01FB68134403F510631B6870
:104AF40003F40043002B55D1BB685A01FB681344EF
:104B040003F510631A683B689B68C3F30A013B68AA
:104B14001B799B041943BB689B050B431343BA6879
:104B24005101FA680A4402F5106243F0805343F4D9
:104B34000043136036E0FB6803F50063DA693B6801
:104B44001B7803F00F03012101FA03F31B04F96836
:104B540001F500611343CB61BB685A01FB68134440
:104B640003F530631B6803F40043002B1AD1BB68C0
:104B74005A01FB68134403F530631A683B689B6869
:104B8400C3F30A013B681B799B040B431343BA68C4
:104B94005101FA680A4402F5306243F0805343F449
:104BA40000431360002318461437BD4680BC704789
:104BB40080B485B000AF786039607B68FB603B6887
:104BC4001B78BB603B685B78012B61D1BB685A01E1
:104BD400FB68134403F510631B6803F00043B3F14F
:104BE400004F1FD1BB685A01FB68134403F51063DF
:104BF4001B68BA685101FA680A4402F5106243F06E
:104C040000631360BB685A01FB68134403F5106327
:104C14001B68BA685101FA680A4402F5106243F04D
:104C240080431360FB6803F50063DA6B3B681B7811
:104C340003F00F03012101FA03F39BB2DB43F9688C
:104C440001F500611340CB63FB6803F50063DA6987
:104C54003B681B7803F00F03012101FA03F39BB2B5
:104C6400DB43F96801F500611340CB61BB685A016D
:104C7400FB68134403F510631A68BB685901FB68A9
:104C84000B4403F510631946354B13400B6060E089
:104C9400BB685A01FB68134403F530631B6803F0D7
:104CA4000043B3F1004F1FD1BB685A01FB681344A2
:104CB40003F530631B68BA685101FA680A4402F5C7
:104CC400306243F000631360BB685A01FB6813440D
:104CD40003F530631B68BA685101FA680A4402F5A7
:104CE400306243F080431360FB6803F50063DA6BC2
:104CF4003B681B7803F00F03012101FA03F31B0443
:104D0400DB43F96801F500611340CB63FB6803F5ED
:104D14000063DA693B681B7803F00F03012101FA91
:104D240003F31B04DB43F96801F500611340CB6115
:104D3400BB685A01FB68134403F530631A68BB6807
:104D44005901FB680B4403F530631946054B1340C6
:104D54000B60002318461437BD4680BC704700BF63
:104D6400007833EC0078F3EF80B58AB002AFF860D6
:104D7400B9601346FB71FB68FB61BB681B78BB61C0
:104D8400BB685B78012B40F07A81BB681B69002B00
:104D940032D1BB695A01FB69134403F510631B69E3
:104DA400BA695101FA690A4402F5106223F0FF530B
:104DB40023F4C0131361BB695A01FB69134403F55F
:104DC40010631B69BA695101FA690A4402F5106259
:104DD40043F400231361BB695A01FB69134403F5CF
:104DE40010631B69BA695101FA690A4402F5106239
:104DF400DB0CDB04136192E0BB695A01FB691344C9
:104E040003F510631B69BA695101FA690A4402F592
:104E14001062DB0CDB041361BB695A01FB691344A8
:104E240003F510631B69BA695101FA690A4402F572
:104E3400106223F0FF5323F4C0131361BB69002BEA
:104E44001AD1BB681A69BB689B689A4203D9BB68CC
:104E54009A68BB681A61BB695A01FB69134403F57C
:104E640010631B69BA695101FA690A4402F51062B8
:104E740043F4002313611BE0BB695A01FB6913442B
:104E840003F510631A69BB681969BB689B680B4416
:104E9400591EBB689B68B1FBF3F3D904A24B0B40CA
:104EA400B9694801F969014401F5106113430B61C3
:104EB400BB695A01FB69134403F510631A69BB68A3
:104EC4001B69C3F31203B9694801F969014401F587
:104ED400106113430B61BB681B79012B1FD1BB69A4
:104EE4005A01FB69134403F510631B69BA69510144
:104EF400FA690A4402F5106223F0C0431361BB69E6
:104F04005A01FB69134403F510631B69BA69510123
:104F1400FA690A4402F5106243F000531361FB7905
:104F2400012B4BD1BB68DB69002B09D0BB695A014B
:104F3400FB69134403F510631A46BB68DB695361CC
:104F4400BB681B79012B28D1FB6903F500639B68BF
:104F540003F48073002B10D1BB695A01FB6913441D
:104F640003F510631B68BA695101FA690A4402F532
:104F7400106243F0005313600FE0BB695A01FB69F0
:104F8400134403F510631B68BA695101FA690A44B2
:104F940002F5106243F080531360BB695A01FB6948
:104FA400134403F510631B68BA695101FA690A4492
:104FB40002F5106243F00443136065E1BB695A01D2
:104FC400FB69134403F510631B68BA695101FA695C
:104FD4000A4402F5106243F004431360BB681B7972
:104FE400012B15D0BB681B69002B00F04D81FB69B8
:104FF40003F500635A6BBB681B7803F00F030121B0
:1050040001FA03F3F96901F5006113434B633BE1D2
:10501400FB6903F500639B6803F48073002B10D1D4
:10502400BB695A01FB69134403F510631B68BA6931
:105034005101FA690A4402F5106243F00053136007
:105044000FE0BB695A01FB69134403F510631B6845
:10505400BA695101FA690A4402F5106243F08053B7
:105064001360BB68D968BB681A78BB681B6998B2BF
:10507400FB7900930346F86800F0B7F904E1BB69D3
:105084005A01FB69134403F530631B69BA69510182
:10509400FA690A4402F53062DB0CDB041361BB6974
:1050A4005A01FB69134403F530631B69BA69510162
:1050B400FA690A4402F5306223F0FF5323F4C01363
:1050C4001361BB69002B31D1BB681B69002B03D072
:1050D400BB689A68BB681A61BB689A68BB681A6245
:1050E400BB695A01FB69134403F530631A69BB6851
:1050F4001B6AC3F31203B9694801F969014401F554
:10510400306113430B61BB695A01FB69134403F516
:1051140030631B69BA695101FA690A4402F53062C5
:1051240043F40023136161E00000F81FBB681B69AE
:10513400002B23D1BB695A01FB69134403F5306387
:105144001A69BB689B68C3F31203B9694801F9691A
:10515400014401F5306113430B61BB695A01FB69DA
:10516400134403F530631B69BA695101FA690A44AF
:1051740002F5306243F40023136137E0BB681A6917
:10518400BB689B6813445A1EBB689B68B2FBF3F36D
:10519400FB82BB689B68FA8A03FB02F2BB681A6253
:1051A400BB695A01FB69134403F530631A69FB8A2E
:1051B400D904384B0B40B9694801F969014401F538
:1051C400306113430B61BB695A01FB69134403F556
:1051D40030631A69BB681B6AC3F31203B9694801D7
:1051E400F969014401F5306113430B61FB79012B2B
:1051F4000DD1BB68DB68002B09D0BB68D968BB69DB
:105204005A01FB69134403F530630A465A61BB68CB
:105214001B79012B28D1FB6903F500639B6803F418
:105224008073002B10D1BB695A01FB69134403F549
:1052340030631B68BA695101FA690A4402F53062A5
:1052440043F0005313600FE0BB695A01FB69134438
:1052540003F530631B68BA695101FA690A4402F51F
:10526400306243F080531360BB695A01FB691344F5
:1052740003F530631B68BA695101FA690A4402F5FF
:10528400306243F004431360002318462037BD46C0
:1052940080BD00BF0000F81F80B487B000AF786005
:1052A40039600023FB600023FB757B683B613B682E
:1052B4005B78012B4AD13B681B785A013B69134444
:1052C40003F510631B6803F00043B3F1004F40F093
:1052D40086803B681B785A013B69134403F51063CD
:1052E4001B683A68127851013A690A4402F510625F
:1052F40043F0006313603B681B785A013B69134415
:1053040003F510631B683A68127851013A690A443C
:1053140002F5106243F080431360FB680133FB60C5
:10532400FB6842F21072934202D90123FB7556E0E6
:105334003B681B785A013B69134403F510631B68EF
:1053440003F00043B3F1004FE7D048E03B681B781B
:105354005A013B69134403F530631B6803F00043AF
:10536400B3F1004F3BD13B681B785A013B691344AE
:1053740003F530631B683A68127851013A690A44AC
:1053840002F5306243F0006313603B681B785A01F6
:105394003B69134403F530631B683A681278510182
:1053A4003A690A4402F5306243F080431360FB68B3
:1053B4000133FB60FB6842F21072934202D901236D
:1053C400FB750CE03B681B785A013B69134403F5F9
:1053D40030631B6803F00043B3F1004FE7D0FB7D5B
:1053E40018461C37BD4680BC704780B489B000AFF6
:1053F400F860B96011461A460B46FB711346BB8030
:10540400FB687B61BB68FB6197F82830002B23D1D4
:10541400BB8803339B083B610023BB6118E0FB7925
:105424001A037B69134403F580531A46FB691B680E
:105434001360FB690133FB61FB690133FB61FB69A9
:105444000133FB61FB690133FB61BB690133BB6160
:10545400BA693B699A42E2D3002318462437BD4611
:1054640080BC704780B48BB000AFF860B96013465D
:10547400FB80FB68BB61BB687B62FB889B089BB2BB
:105484007B61FB8803F00303FB8300233B6214E08E
:10549400BB6903F580531A687B6A1A607B6A01331F
:1054A4007B627B6A01337B627B6A01337B627B6A4A
:1054B40001337B623B6A01333B623A6A7B699A42FD
:1054C400E6D3FB8B002B1ED000233B62BB6903F5A4
:1054D40080531A4607F1100312681A603A693B6A4E
:1054E400DBB2DB0022FA03F3DAB27B6A1A703B6A9E
:1054F40001333B627B6A01337B62FB8B013BFB83A1
:10550400FB8B002BEAD17B6A18462C37BD4680BC46
:10551400704780B485B000AF786039607B68FB6009
:105524003B681B78BB603B685B78012B2CD1BB6864
:105534005A01FB68134403F510631B68002B12DB4C
:10554400BB68002B0FD0BB685A01FB68134403F5FA
:1055540010631B68BA685101FA680A4402F51062C4
:1055640023F080431360BB685A01FB68134403F5BE
:1055740010631B68BA685101FA680A4402F51062A4
:1055840043F4001313602BE0BB685A01FB68134417
:1055940003F530631B68002B12DBBB68002B0FD0B4
:1055A400BB685A01FB68134403F530631B68BA688F
:1055B4005101FA680A4402F5306223F08043136013
:1055C400BB685A01FB68134403F530631B68BA686F
:1055D4005101FA680A4402F5306243F4001313607F
:1055E400002318461437BD4680BC704780B485B08C
:1055F40000AF786039607B68FB603B681B78BB60F8
:105604003B685B78012B28D1BB685A01FB681344C3
:1056140003F510631B68BA685101FA680A4402F57D
:10562400106223F4001313603B681B79032B03D02F
:105634003B681B79022B38D1BB685A01FB681344C1
:1056440003F510631B68BA685101FA680A4402F54D
:10565400106243F08053136027E0BB685A01FB6873
:10566400134403F530631B68BA685101FA680A44AD
:1056740002F5306223F4001313603B681B79032B9B
:1056840003D03B681B79022B0FD1BB685A01FB681E
:10569400134403F530631B68BA685101FA680A447D
:1056A40002F5306243F08053136000231846143728
:1056B400BD4680BC704780B485B000AF78600B46AF
:1056C400FB707B68FB60FB6803F500631B68FA688A
:1056D40002F5006223F4FE631360FB6803F50063C4
:1056E4001A68FB781B0103F4FE63F96801F5006195
:1056F40013430B60002318461437BD4680BC704723
:1057040080B485B000AF78607B68FB60FB6803F50C
:1057140060631B68FA6802F5606223F00303136098
:10572400FB6803F500635B68FA6802F5006223F026
:1057340002035360002318461437BD4680BC7047EB
:1057440080B485B000AF78607B68FB60FB6803F5CC
:1057540060631B68FA6802F5606223F00303136058
:10576400FB6803F500635B68FA6802F5006243F0C6
:1057740002035360002318461437BD4680BC7047AB
:1057840080B485B000AF78607B685B69FB607B6840
:105794009B69FA681340FB60FB6818461437BD46E2
:1057A40080BC704780B485B000AF78607B68FB60D4
:1057B400FB6803F500639B69BB60FB6803F500634A
:1057C400DB69BA681340BB60BB681B0C184614370E
:1057D400BD4680BC704780B485B000AF78607B68FC
:1057E400FB60FB6803F500639B69BB60FB6803F522
:1057F4000063DB69BA681340BB60BB689BB21846A0
:105804001437BD4680BC704780B485B000AF786063
:105814000B46FB707B68FB60FB785A01FB68134402
:1058240003F530639B68BB60FB6803F500635B6949
:10583400BA681340BB60BB6818461437BD4680BCC9
:10584400704780B487B000AF78600B46FB707B680C
:105854007B617B6903F500631B693B617B6903F52D
:1058640000635B6BFB60FB7803F00F03FA6822FABA
:1058740003F3DB01DBB23A6913433B61FB785A0162
:105884007B69134403F510639B683A691340BB605A
:10589400BB6818461C37BD4680BC704780B483B0D3
:1058A40000AF78607B685B6903F0010318460C372E
:1058B400BD4680BC704780B485B000AF78607B681B
:1058C400FB60FB6803F510631B68FA6802F510625D
:1058D40023F4FF6323F007031360FB6803F50063FD
:1058E4005B68FA6802F5006243F480735360002336
:1058F40018461437BD4680BC7047000080B487B09A
:1059040000AFF8600B467A60FB72FB687B61FB6852
:105914003C3304331B683B613B69254A93420AD9F3
:105924007B6903F530631B6803F00043B3F1004F58
:1059340001D1002337E07B6903F530631A46002365
:1059440013617B6903F530631B697A6902F5306280
:1059540043F4002313617B6903F530631B697A699F
:1059640002F5306243F0180313617B6903F5306379
:105974001B697A6902F5306243F0C0431361FB7A14
:10598400012B0FD17B6903F530631A467B685361A1
:105994007B6903F530631B687A6902F5306243F072
:1059A40080231360002318461C37BD4680BC704713
:1059B4000A30544F80B485B000AF78600023FB6098
:1059C400FB680133FB60FB68B3F1706F01D90323FB
:1059D4001BE07B681B69002BF2DA0023FB607B6809
:1059E4001B6943F001027B681A61FB680133FB60A9
:1059F400FB68B3F1706F01D9032306E07B681B6970
:105A040003F00103012BF0D0002318461437BD46E0
:105A140080BC704780B584B004AF8D4BC0221A702F
:105A24008B4BA8225A708A4B01229A70884B02220F
:105A3400DA70884BFF221A70864BFF225A70854B0E
:105A4400FF229A70834B0022DA70834BC0221A70B3
:105A5400814BA8225A70804B00229A707E4B0122FF
:105A6400DA7002F075F87A4B1B781A06784B5B787B
:105A74001B041A43764B9B781B021343744AD27857
:105A840013431A06724B1B781906714B5B781B047F
:105A940019436F4B9B781B020B436D49C9780B4329
:105AA4001B0203F47F031A43694B1B781906684BE6
:105AB4005B781B041943664B9B781B020B436449B8
:105AC400C9780B431B0A03F47F431A43604B1B78CA
:105AD40019065F4B5B781B0419435D4B9B781B02D3
:105AE4000B435B49C9780B431B0E13435B4A13609A
:105AF400584B1B781A06574B5B781B041A43554BBB
:105B04009B781B021343534AD27813431A06514B12
:105B14001B7819064F4B5B781B0419434D4B9B783C
:105B24001B020B434B49C9780B431B0203F47F034D
:105B34001A43484B1B781906464B5B781B041943E0
:105B4400444B9B781B020B434249C9780B431B0A05
:105B540003F47F431A433F4B1B7819063D4B5B7894
:105B64001B0419433B4B9B781B020B433949C978EF
:105B74000B431B0E13433A4A1360374B1B781A0628
:105B8400354B5B781B041A43334B9B781B0213433E
:105B9400314AD27813431A062F4B1B7819062E4B21
:105BA4005B781B0419432C4B9B781B020B432A493B
:105BB400C9780B431B0203F47F031A43264B1B785B
:105BC4001906254B5B781B041943234B9B781B0256
:105BD4000B432149C9780B431B0A03F47F431A433F
:105BE4001D4B1B7819061C4B5B781B0419431A4B7D
:105BF4009B781B020B431849C9780B431B0E1343B4
:105C0400184A1360184B0293184B01930023009316
:105C1400144B134A1149164802F09AFB144802F037
:105C240079FC134B93F82F309B0803F00103DBB28C
:105C3400002B03D00E4802F07BFC02E00C4802F07B
:105C4400BBFC0C490A4802F0D9FC00BFBD4680BD2C
:105C540044020020480200204C02002038020020A8
:105C64003C02002040020020D50E010845620008D5
:105C740004020020B162000880B58EB000AF7860E5
:105C840007F1240300221A605A609A60DA601A61EC
:105C94007B681B68554A934240F0A48000233B6212
:105CA400534B1B6B524A43F000731363504B1B6BF3
:105CB40003F000733B623B6A0023FB614C4B1B6B9C
:105CC4004B4A43F080631363494B1B6B03F08063BF
:105CD400FB61FB690023BB61454B1B6B444A43F0EA
:105CE40000631363424B1B6B03F00063BB61BB692E
:105CF40000237B613E4B1B6B3D4A43F0040313635B
:105D04003B4B1B6B03F004037B617B6900233B610A
:105D1400374B1B6B364A43F001031363344B1B6B45
:105D240003F001033B613B690023FB60304B1B6BB9
:105D34002F4A43F0020313632D4B1B6B03F0020342
:105D4400FB60FB680023BB60294B1B6B284A43F0B4
:105D540040031363264B1B6B03F04003BB60BB681B
:105D640032237B620223BB620023FB6203233B6377
:105D74000B237B6307F1240319461E48FCF700FB41
:105D840086237B620223BB620023FB6203233B6303
:105D94000B237B6307F1240319461748FCF7F0FA39
:105DA4004FF400537B620223BB620023FB62032394
:105DB4003B630B237B6307F1240319460F48FCF76D
:105DC400DFFA4FF420537B620223BB620023FB62A1
:105DD40003233B630B237B6307F124031946084821
:105DE400FCF7CEFA00BF3837BD4680BD00800240C4
:105DF4000038024000080240000002400004024053
:105E04000018024080B586B000AF786000233B6183
:105E14004D4B4E4A1A604C4B01225A604A4B4FF488
:105E240080429A60484B4FF40062DA60464B00228D
:105E34001A8200233B7280237B72E123BB7200230E
:105E4400FB7200233B7300237B733F4A07F1080373
:105E540053613D4B00229A613B4B0022DA613A4B7D
:105E64004FF400021A623848FBF792F90346FB75B7
:105E7400FB7D002B08D17B6893F82F3043F004039B
:105E8400DAB27B6883F82F200423314A31492E4843
:105E9400FBF70AFB0423304A30492B48FBF76BFB22
:105EA4007B68062283F82820274B5B691A787B6875
:105EB40083F82920244B5B695A787B6883F82A206D
:105EC400214B5B699A787B6883F82B201E4B5B69B6
:105ED400DA787B6883F82C201B4B5B691A797B6822
:105EE40083F82D20184B5B695A797B6883F82E2040
:105EF4007B6840F2DC52DA847B6893F82F3043F0FD
:105F04000A03DAB27B6883F82F200F48FBF7D7FD2A
:105F140007F110031A461D210B48FBF702FD3B69EC
:105F240043F00B033B613B691A461D210648FBF70E
:105F340060FD07F110031A461D210348FBF7F1FC2D
:105F440000BF1837BD4680BDF032002000800240FB
:105F5400201B0020D002002050030020500200200B
:105F640080B58AB000AF786039604B4BDB6A9B68C0
:105F7400FB6100237B6100233B610023FB60002362
:105F8400BB60454BDB6ABB6100233B613B683B6202
:105F94005AE0BB691B68002B03DAF82387F8273023
:105FA4005CE03B6A5B89FB600023BB602FE0FA691D
:105FB4003B69D0183B6A5A68BB68D1183B69C3F582
:105FC400BE6304331A460BF0C7FFBB69DB68BB61D1
:105FD400BB691B68002B03DAF82387F827303DE000
:105FE400BB699B68FB613A69FB681344A3F2F453F1
:105FF400FB60BA683B69D31A03F2F453BB607A6955
:106004003B69D31A03F2F4537B6100233B61FA68C2
:106014003B69134440F2F4529342C8D8FA693B698D
:10602400D0183B6A5A68BB681344FA6819460BF0E7
:1060340093FF3A69FB6813443B617A69FB68134434
:106044007B613B6A1B683B623B6A002BA1D1796987
:106054001148FBF7FBFA002387F827300E4B1B6827
:1060640003F580535B6903F02003002B0DD00A4B2A
:106074001B6803F580531A4620235361064B1B68A3
:1060840003F580531A460023536097F927301846C6
:106094002837BD4680BD00BFF032002080B58CB0EB
:1060A40000AF78600023FB620023BB620023FB8106
:1060B4000023FB610023BB6100237B6100233B6160
:1060C4004E48FBF7ABFB0346002B01D0002390E0C6
:1060D4004A4BDB6BFB81494B1B6C7B62FB89002BBE
:1060E40006D0FB8903221946042002F0C7FAF8629D
:1060F400FB6A002B4BD0414B1B6B3B620023FB61C3
:10610400FB6ABB6240E0BB6A5B897B610023BB61C5
:1061140021E0BB6A5A68BB69D0187A6AFB69D11856
:10612400FB69C3F5BE6304331A460BF015FF3B6AE3
:10613400DB683B623B6A9B687B62FA697B69134458
:10614400A3F2F4537B61BA69FB69D31A03F2F453E3
:10615400BB610023FB617A69FB69134440F2F4528A
:106164009342D6D8BB6A5A68BB69D0187A6AFB696D
:1061740013447A6919460BF0EFFEFA697B691344FC
:10618400FB61BB6A1B68BB62BB6A002BBBD11B4BA8
:106194001B6B3B6200233B610BE03B6A1B6843F0D3
:1061A40000423B6A1A603B6ADB683B623B6901332D
:1061B4003B61124B9B6B3A699A42EED30F4B002220
:1061C4009A630E4B1B6803F580535B6903F08003ED
:1061D400002B0DD0094B1B6803F580531A4680230E
:1061E4005361064B1B6803F580531A4600239360E2
:1061F400FB6A18463037BD4680BD00BFF032002030
:1062040080B584B000AF78607868FFF747FFF86026
:10621400FB68002B10D07B681B697968F868984785
:106224000346FB7297F90B30002B06D0F86802F096
:106234009DFD0023FB6000E000BF1037BD4680BD1C
:1062440080B582B000AF78607B68002B06D10E4B1E
:106254004FF405720D490E480BF082FD7B687322E2
:1062640083F830207B68742283F831207B68094AE4
:106274005A617B68084A9A617868FFF7C3FD002376
:1062840018460837BD4680BDDC290108F8290108F5
:10629400082A01089DF30008655F000880B500AF77
:1062A400FAF73AFE0346184680BD000080B584B074
:1062B40000AF78600023FB600023BB607B6893F829
:1062C4002F309B0803F00103DBB2002B5DD0344B6D
:1062D4005B68002B3FD04FF4805200213048FBF71D
:1062E40088FBFAF719FE0346FB6007F108031A4618
:1062F40001212B48FBF715FBFAF70EFE0246FB685B
:10630400D31AB3F57A7F28D8BB6803F02003002B97
:10631400EBD007F108031A4610212148FBF701FBD3
:10632400BB6803F00403002B04D01D4B4FF4006240
:10633400DA6002E01A4B0022DA60BB6803F0020361
:10634400002B03D0164B00229A6016E0144B4FF436
:1063540080429A6011E000BF00E000BF104BDB6890
:10636400DB089AB20E4B9B685B089BB213439BB24B
:106374001A4600210A48FBF73CFB00210848FBF7BA
:10638400FDFB0748FBF79BFB02E00548FBF7C6FB58
:10639400786800F007F800BF1037BD4680BD00BF25
:1063A400F032002080B483B000AF786000BF0C37B7
:1063B400BD4680BC704780B584B000AF78600B46A2
:1063C400FB700023FB737B681B7C002B15D14FF4FF
:1063D40000730222812178680BF003FA7B680122A2
:1063E400DA624FF400730222012178680BF0F9F9A4
:1063F4007B680122C3F86C2112E040230222812130
:1064040078680BF0EEF97B680122DA6240230222FD
:10641400012178680BF0E5F97B680122C3F86C214F
:1064240008230322822178680BF0DBF97B680122C0
:106434001A644FF407700BF027FB03461A467B6877
:10644400C3F8B8227B68D3F8B832002B02D10123F9
:10645400FB7326E07B68D3F8B832BB607B68D3F863
:10646400BC321B689847BB680022C3F81422BB687F
:106474000022C3F818227B681B7C002B09D1BB685F
:10648400D3F804224FF40073012178680BF099FAD1
:1064940007E0BB68D3F804224023012178680BF09D
:1064A40090FAFB7B18461037BD4680BD80B584B09A
:1064B40000AF78600B46FB700023FB738121786882
:1064C4000BF0B5F97B680022DA62012178680BF0E1
:1064D400AEF97B680022C3F86C21822178680BF046
:1064E400A6F97B6800221A647B68D3F8B832002BC3
:1064F4000ED07B68D3F8BC325B6898477B68D3F8CE
:10650400B83218460BF0C8FA7B680022C3F8B822E8
:10651400FB7B18461037BD4680BD80B586B000AF02
:10652400786039607B68D3F8B8323B610023FB7331
:106534000023BB810023FB753B681B7803F06003D9
:10654400002B39D0202B7FD13B68DB88002B29D04E
:106554003B681B785BB2002B11DA7B68D3F8BC3242
:106564009B683A68507839693A68D288984739699B
:106574003B68DB881A46786801F041FA6BE03B68B7
:106584005A783B6983F800223B68DB88DAB23B69BE
:1065940083F8012239693B68DB881A46786801F080
:1065A4005CFA58E07B68D3F8BC329B683A68507850
:1065B4000022396898474EE03B685B780B2B2ED05D
:1065C4000B2B38DC002B02D00A2B14D033E07B6871
:1065D40093F89C32032B07D107F10C0302221946CE
:1065E400786801F00CFA2EE03968786801F09DF9BA
:1065F4000223FB7527E07B6893F89C32032B07D1B9
:1066040007F10F0301221946786801F0F8F91AE03E
:106614003968786801F089F90223FB7513E07B6817
:1066240093F89C32032B0DD03968786801F07DF91A
:106634000223FB7506E03968786801F076F90223D5
:10664400FB7500E000BF06E03968786801F06DF979
:106654000223FB7500BFFB7D18461837BD4680BD7D
:1066640080B584B000AF78600B46FB707B68D3F8CC
:10667400B832FB607B68D3F8C032BB607B68D3F868
:10668400B832002B3AD0FA78796813469B00134449
:106694009B000B441C331B68002B29D0FA787968C3
:1066A40013469B0013449B000B441C331A68F9786F
:1066B400B8680B46DB000B449B0003441C331B6887
:1066C400B2FBF3F101FB03F3D31A002B10D1FA78D8
:1066D400796813469B0013449B000B441C3300222F
:1066E4001A60F9780023002278680BF047F903E078
:1066F400FB680022C3F81422002300E0022318469A
:106704001037BD4680BD80B584B000AF78600B46BD
:10671400FB707B68D3F8B832FB60FB781946786865
:106724000BF072F90246FB68C3F80C227B68D3F8BD
:10673400B832002B0DD07B68D3F8BC32DB68FA6822
:10674400D2F80402FA6802F503721146984700234E
:1067540000E0022318461037BD4680BD80B584B0E2
:1067640000AF78607B68D3F8B832FB607B68D3F8FD
:10677400BC32002B15D0FB6893F80032FF2B10D0ED
:106784007B68D3F8BC329B68FA6892F80002F96817
:10679400FA6892F8012292B29847FB68FF2283F8C4
:1067A4000022002318461037BD4680BD80B483B054
:1067B40000AF78607B6843221A80034B18460C377D
:1067C400BD4680BC704700BF9400002080B483B0F5
:1067D40000AF78607B6843221A80034B18460C375D
:1067E400BD4680BC704700BF5000002080B483B019
:1067F40000AF78607B6843221A80034B18460C373D
:10680400BD4680BC704700BFD800002080B483B070
:1068140000AF78607B680A221A80034B18460C3755
:10682400BD4680BC704700BF0C00002080B485B01A
:1068340000AF786039600223FB733B68002B05D0FE
:106844007B683A68C3F8BC220023FB73FB7B1846C1
:106854001437BD4680BC704780B487B000AFF86081
:10686400B9601346FB80FB68D3F8B8327B617B695F
:10687400BA68C3F80822FA887B69C3F81022002397
:1068840018461C37BD4680BC704780B485B000AF45
:10689400786039607B68D3F8B832FB60FB683A688B
:1068A400C3F80422002318461437BD4680BC704741
:1068B40080B584B000AF78607B68D3F8B832FB60F1
:1068C4007B68D3F8B832002B1CD0FB68D3F81432A1
:1068D400002B15D1FB680122C3F81422FB68D3F8FE
:1068E40010227B681A63FB68D3F80822FB68D3F88C
:1068F40010329BB2812178680BF040F8002302E04B
:10690400012300E0022318461037BD4680BD80B540
:1069140084B000AF78607B68D3F8B832FB607B68E2
:10692400D3F8B832002B17D07B681B7C002B09D11D
:10693400FB68D3F804224FF40073012178680BF04C
:1069440040F807E0FB68D3F804224023012178686B
:106954000BF037F8002300E0022318461037BD4639
:1069640080BD80B584B000AFF860B9601346FB7198
:10697400FB68002B01D102231AE0FB68D3F8B43280
:10698400002B03D0FB680022C3F8B422BB68002BA1
:1069940003D0FB68BA68C3F8B022FB68012283F80D
:1069A4009C22FB68FA791A70F8680AF0B5FE002395
:1069B40018461037BD4680BD80B485B000AF7860FE
:1069C40039600023FB733B68002B06D07B683A6870
:1069D400C3F8B4220023FB7301E00223FB73FB7BA7
:1069E40018461437BD4680BC704780B582B000AFEE
:1069F400786078680AF0DAFE002318460837BD4646
:106A040080BD80B483B000AF7860002318460C3793
:106A1400BD4680BC704780B584B000AF78600B463B
:106A2400FB700223FB737B68D3F8B432002B0CD0C9
:106A34007B68D3F8B4321B68FA78114678689847B3
:106A44000346002B01D10023FB73FB7B1846103750
:106A5400BD4680BD80B582B000AF78600B46FB7048
:106A64007B68D3F8B4325B68FA7811467868984743
:106A7400002318460837BD4680BD80B582B000AFFC
:106A8400786039607B6803F52A733968184600F02A
:106A940010FF7B680122C3F894227B68B3F8AE32FE
:106AA4001A467B68C3F898227B6893F8A83203F0EF
:106AB4001F03022B16D0022B1CD8002B02D0012B53
:106AC40008D017E07B6803F52A731946786800F04C
:106AD40003FA1AE07B6803F52A731946786800F014
:106AE40065FA12E07B6803F52A731946786800F0AA
:106AF400A5FA0AE07B6893F8A83223F07F03DBB29F
:106B0400194678680AF0B2FE00BF00231846083719
:106B1400BD4680BD80B586B000AFF8600B467A6094
:106B2400FB72FB7A002B4BD1FB6803F5AA737B61E4
:106B3400FB68D3F89432032B34D17B69DA687B6920
:106B44001B699A4219D97B69DA687B691B69D21A75
:106B54007B69DA607B69DA687B691B699A4203D2D4
:106B64007B69DB689BB202E07B691B699BB21A46B6
:106B74007968F86800F08FFF38E0FB68D3F8B43226
:106B84001B69002B0AD0FB6893F89C32032B05D1B8
:106B9400FB68D3F8B4321B69F8689847F86800F0CA
:106BA4008CFF23E0FB68D3F89432052B1ED1FB68DD
:106BB4000022C3F894220021F8680AF057FE15E079
:106BC400FB68D3F8B4329B69002B0DD0FB6893F8B3
:106BD4009C32032B08D1FB68D3F8B4329B69FA7A50
:106BE4001146F868984701E0022300E000231846A4
:106BF4001837BD4680BD80B586B000AFF8600B463F
:106C04007A60FB72FB7A002B7FD1FB6814337B61C3
:106C1400FB68D3F89432022B5CD17B69DA687B6918
:106C24001B699A4215D97B69DA687B691B69D21A98
:106C34007B69DA607B69DB689BB21A467968F8681D
:106C440000F0F9FE002300220021F8680AF0B9FEE2
:106C54004EE07B699B687A691269B3FBF2F101FB30
:106C640002F29B1A002B1CD17B699A687B691B6911
:106C74009A4216D37B699A68FB68D3F898329A4291
:106C84000FD200220021F86800F0D5FEFB68002234
:106C9400C3F89822002300220021F8680AF091FE2C
:106CA40026E0FB68D3F8B432DB68002B0AD0FB681B
:106CB40093F89C32032B05D1FB68D3F8B432DB681C
:106CC400F86898478021F8680AF0D0FDF86800F069
:106CD40007FF0DE0FB68D3F89432042B04D0FB6863
:106CE400D3F89432002B03D18021F8680AF0BEFD5A
:106CF400FB6893F8A032012B1DD1F868FFF781FEE1
:106D0400FB68002283F8A02215E0FB68D3F8B432B4
:106D14005B69002B0DD0FB6893F89C32032B08D1E0
:106D2400FB68D3F8B4325B69FA7A1146F86898477D
:106D340001E0022300E0002318461837BD4680BD59
:106D440080B582B000AF78604023002200217868CB
:106D54000AF047FD7B680122C3F858217B68402272
:106D6400C3F8642140230022802178680AF039FDA9
:106D74007B6801229A617B6840225A627B68012207
:106D840083F89C227B680022C3F894227B6800224B
:106D94005A607B680022C3F8A4227B68D3F8B83217
:106DA400002B09D07B68D3F8B4325B687A685268E8
:106DB400D2B2114678689847002318460837BD4672
:106DC40080BD80B483B000AF78600B46FB707B68F5
:106DD400FA781A74002318460C37BD4680BC7047F5
:106DE40080B483B000AF78607B6893F89C227B68A2
:106DF40083F89D227B68042283F89C220023184692
:106E04000C37BD4680BC704780B483B000AF786057
:106E14007B6893F89C32042B05D17B6893F89D2200
:106E24007B6883F89C22002318460C37BD4680BC3F
:106E3400704780B582B000AF78607B6893F89C326D
:106E4400032B0BD17B68D3F8B432DB69002B05D05C
:106E54007B68D3F8B432DB69786898470023184616
:106E64000837BD4680BD80B483B000AF78600B4660
:106E7400FB70002318460C37BD4680BC704780B4B5
:106E840083B000AF78600B46FB70002318460C37C4
:106E9400BD4680BC704780B483B000AF78600023E7
:106EA40018460C37BD4680BC704780B582B000AF31
:106EB40078607B68012283F89C227B68D3F8B43223
:106EC4005B687A685268D2B21146786898470023A2
:106ED40018460837BD4680BD80B584B000AF7860E1
:106EE40039600023FB733B681B7803F06003402B7D
:106EF40005D0402B4FD8002B09D0202B4BD17B68D9
:106F0400D3F8B4329B6839687868984748E03B689E
:106F14005B78092B39D801A252F823F0716F00086D
:106F2400856F00088F6F00087B6F00088F6F000863
:106F3400536F0008496F00088F6F0008676F0008DF
:106F44005D6F00083968786800F0DCF922E0396880
:106F5400786800F03FFB1DE03968786800F07EFB3C
:106F640018E03968786800F007FC13E0396878683D
:106F740000F037FC0EE03968786800F065FC09E041
:106F84003968786800F074FC04E03968786800F0C7
:106F9400CCFC00BF04E03968786800F0C6FC00BF90
:106FA400FB7B18461037BD4680BD00BF80B584B05A
:106FB40000AF786039600023FB733B681B7803F0F3
:106FC4006003402B05D0402B2ED8002B01D0202B62
:106FD4002AD17B6893F89C32013B022B1DD83B6875
:106FE4009B88DBB2012B13D87B68D3F8B4329B683F
:106FF4003968786898470346FB733B68DB88002B45
:1070040010D1FB7B002B0DD1786800F056FD09E010
:107014003968786800F089FC04E03968786800F021
:1070240084FC00E000BF04E03968786800F07DFC6F
:1070340000BF002318461037BD4680BD80B584B01C
:1070440000AF786039600023FB733B689B88BB7397
:107054003B681B7803F06003402B07D0402B00F201
:107064004681002B0AD0202B40F041817B68D3F865
:10707400B4329B683968786898473DE13B681B786F
:1070840003F06003202B0AD17B68D3F8B4329B68E9
:107094003968786898470346FB73FB7B2DE13B68AE
:1070A4005B78032B07D0032B00F31B81002B72D0DA
:1070B400012B3AD015E17B6893F89C32022B02D065
:1070C400032B15D02BE0BB7B002B0CD0BB7B802B80
:1070D40009D0BB7B194678680AF0C8FB8021786820
:1070E4000AF0C4FB20E03968786800F01EFC1BE05D
:1070F4003B685B88002B0ED1BB7B002B0BD0BB7B8A
:10710400802B08D03B68DB88002B04D1BB7B19465D
:1071140078680AF0ABFB786800F0CFFC04E03968CB
:10712400786800F002FC00BFE0E07B6893F89C32D2
:10713400022B02D0032B15D026E0BB7B002B0CD0F6
:10714400BB7B802B09D0BB7B194678680AF08EFB89
:10715400802178680AF08AFB1CE03968786800F0BE
:10716400E4FB17E03B685B88002B12D1BB7B03F088
:107174007F03002B04D0BB7B194678680AF095FB8B
:10718400786800F09AFC04E03968786800F0CDFB78
:1071940000E000BFAAE07B6893F89C32022B02D087
:1071A400032B32D097E0BB7B002B07D0BB7B802B1B
:1071B40004D03968786800F0B8FB91E097F90E3094
:1071C400002B0BDABB7B03F07F0213469B001344B6
:1071D4009B0010337A68134404330BE0BB7B03F049
:1071E4007F0213469B0013449B0003F5A8737A683F
:1071F40013440433BB60BB6800221A60BB680222DC
:107204001946786800F0FBFB6AE097F90E30002B12
:1072140011DABB7B03F00F02796813469B00134419
:107224009B000B4418331B68002B17D1396878680E
:1072340000F07BFB54E0BB7B03F00F02796813463C
:107244009B0013449B000B4403F5AC731B68002B99
:1072540004D13968786800F068FB41E097F90E3092
:10726400002B0BDABB7B03F07F0213469B00134415
:107274009B0010337A68134404330BE0BB7B03F0A8
:107284007F0213469B0013449B0003F5A8737A689E
:1072940013440433BB60BB7B002B02D0BB7B802B2D
:1072A40003D1BB6800221A600EE0BB7B19467868E4
:1072B4000AF01AFB0346002B03D0BB6801221A60B4
:1072C40002E0BB6800221A60BB6802221946786893
:1072D40000F095FB04E03968786800F026FB00BFF5
:1072E40004E03968786800F020FB00BF04E03968E6
:1072F400786800F01AFB00BFFB7B18461037BD46C8
:1073040080BD000080B584B000AF78603960002390
:107314003B810023FB600023FB723B685B881B0AF4
:107324009BB2013B062B00F2288101A252F823F004
:107334005173000869730008A97300087F75000879
:107344007F7500081F7500084B7500087B68D3F82B
:10735400B0321B687A68127C07F10801104698471E
:10736400F86012E17B681B7C002B0DD17B68D3F89D
:10737400B4329B6A07F1080210469847F860FB682C
:10738400013302221A7000E17B68D3F8B432DB6A5D
:1073940007F1080210469847F860FB68013302229F
:1073A4001A70F2E03B685B88DBB2052B00F2AC801C
:1073B40001A252F823F000BFD57300080974000835
:1073C4003D74000871740008A5740008D97400089D
:1073D4007B68D3F8B0325B68002B0BD07B68D3F8A2
:1073E400B0325B687A68127C07F10801104698474E
:1073F400F86091E03968786800F097FAFB7A013315
:10740400FB7289E07B68D3F8B0329B68002B0BD009
:107414007B68D3F8B0329B687A68127C07F1080164
:1074240010469847F86077E03968786800F07DFA8C
:10743400FB7A0133FB726FE07B68D3F8B032DB6810
:10744400002B0BD07B68D3F8B032DB687A68127CEF
:1074540007F1080110469847F8605DE039687868DC
:1074640000F063FAFB7A0133FB7255E07B68D3F8D2
:10747400B0321B69002B0BD07B68D3F8B0321B6988
:107484007A68127C07F1080110469847F86043E0D7
:107494003968786800F049FAFB7A0133FB723BE003
:1074A4007B68D3F8B0325B69002B0BD07B68D3F8D0
:1074B400B0325B697A68127C07F10801104698477C
:1074C400F86029E03968786800F02FFAFB7A013314
:1074D400FB7221E07B68D3F8B0329B69002B0BD0A0
:1074E4007B68D3F8B0329B697A68127C07F1080193
:1074F40010469847F8600FE03968786800F015FA8C
:10750400FB7A0133FB7207E03968786800F00DFA02
:10751400FB7A0133FB7238E037E07B681B7C002B7D
:1075240009D17B68D3F8B4325B6B07F108021046CB
:107534009847F86029E03968786800F0F6F9FB7A32
:107544000133FB7221E07B681B7C002B0DD17B682F
:10755400D3F8B4321B6B07F1080210469847F86061
:10756400FB68013307221A700FE03968786800F06D
:10757400DCF9FB7A0133FB7207E03968786800F0C4
:10758400D4F9FB7A0133FB7200BFFB7A002B1CD1C8
:107594003B89002B11D03B68DB88002B0DD03B6866
:1075A400DA883B89934228BF13469BB23B813B89CF
:1075B4001A46F968786800F022FA3B68DB88002BE9
:1075C40004D1786800F079FA00E000BF1037BD46B6
:1075D40080BD00BF80B584B000AF786039603B687F
:1075E4009B88002B30D13B68DB88002B2CD13B6877
:1075F4005B887F2B28D83B685B88DBB203F07F0372
:10760400FB737B6893F89C32032B04D13968786848
:1076140000F08BF91DE07B68FA7B83F89E22FB7BEC
:10762400194678680AF08BF9786800F046FAFB7B13
:10763400002B04D07B68022283F89C2209E07B683B
:10764400012283F89C2204E03968786800F06DF91F
:1076540000BF00BF1037BD4680BD000080B582B0BA
:1076640000AF786039603B685B88DAB2414B1A70CE
:10767400404B1B78012B04D93968786800F055F920
:1076840075E07B6893F89C32022B02D0032B23D045
:1076940062E0384B1B78002B1AD0364B1B781A4605
:1076A4007B685A607B68032283F89C22314B1B78E9
:1076B40019467868FFF7AFF90346022B04D13968FD
:1076C400786800F032F952E0786800F0F6F94EE09C
:1076D400786800F0F2F94AE0264B1B78002B12D1AF
:1076E4007B68022283F89C22224B1B781A467B6813
:1076F4005A60204B1B7819467868FFF7ABF9786815
:1077040000F0DBF933E01B4B1B781A467B685B689F
:107714009A421DD07B685B68DBB219467868FFF734
:1077240099F9144B1B781A467B685A60114B1B78E5
:1077340019467868FFF76FF90346022B04D13968BC
:10774400786800F0F2F812E0786800F0B6F90EE01C
:10775400786800F0B2F90AE03968786800F0E5F872
:10776400044B1B7819467868FFF774F900BF083793
:10777400BD4680BD3833002080B582B000AF78604C
:1077840039603B68DB88012B04D03968786800F0E5
:10779400CCF822E07B6893F89C32022B02DC002BAD
:1077A40003DC15E0032B0BD012E07B6800229A6007
:1077B4007B68083301221946786800F020F90CE050
:1077C4007B68043301221946786800F018F904E054
:1077D4003968786800F0A9F800BF00BF0837BD46D3
:1077E40080BD80B582B000AF786039607B6893F863
:1077F4009C32013B022B1ED83B68DB88022B04D051
:107804003968786800F091F81AE07B680122DA6040
:107814007B68D3F8A432002B05D07B68DB6843F087
:1078240002027B68DA607B680C33022219467868AE
:1078340000F0E5F804E03968786800F076F800BFF5
:1078440000BF0837BD4680BD80B582B000AF786008
:1078540039603B685B88012B06D17B680122C3F841
:10786400A422786800F029F900BF0837BD4680BD1E
:1078740080B582B000AF786039607B6893F89C3241
:10788400013B022B0BD83B685B88012B0CD17B6836
:107894000022C3F8A422786800F00FF904E03968E4
:1078A400786800F042F800E000BF00BF0837BD462A
:1078B40080BD80B483B000AF786039603B681A78CB
:1078C4007B681A703B685A787B685A703B6802334D
:1078D4001B789AB23B6803331B789BB21B029BB2A2
:1078E40013449AB27B685A803B6804331B789AB27B
:1078F4003B6805331B789BB21B029BB213449AB2BC
:107904007B689A803B6806331B789AB23B680733DE
:107914001B789BB21B029BB213449AB27B68DA8039
:1079240000BF0C37BD4680BC704780B582B000AF45
:10793400786039608021786809F098FF00217868C0
:1079440009F094FF00BF0837BD4680BD80B586B0FE
:1079540000AFF860B9607A600023FB75FB68002B08
:1079640032D0F86800F034F8034601339BB25B0070
:107974009AB27B681A80FB7D5A1CFA751A46BB685A
:1079840013447A6812781A70FB7D5A1CFA751A46E9
:10799400BB68134403221A7012E0FB685A1CFA6095
:1079A400FA7D511CF9751146BA680A441B781370A4
:1079B400FB7D5A1CFA751A46BB68134400221A70E0
:1079C400FB681B78002BE8D100BF1837BD4680BD8B
:1079D40080B485B000AF78600023FB7305E0FB7BC7
:1079E4000133FB737B6801337B607B681B78002B5E
:1079F400F5D1FB7B18461437BD4680BC704780B573
:107A040084B000AFF860B9601346FB80FB680222C3
:107A1400C3F89422FA88FB68DA61FA88FB681A6270
:107A2400FB88BA680021F86809F0A8FF002318460B
:107A34001037BD4680BD80B584B000AFF860B96032
:107A44001346FB80FB88BA680021F86809F096FFAA
:107A5400002318461037BD4680BD80B584B000AF02
:107A6400F860B9601346FB80FB680322C3F89422D4
:107A7400FA88FB68C3F85C21FA88FB68C3F86021C4
:107A8400FB88BA680021F86809F09BFF00231846B8
:107A94001037BD4680BD80B584B000AFF860B960D2
:107AA4001346FB80FB88BA680021F86809F089FF57
:107AB400002318461037BD4680BD80B582B000AFA4
:107AC40078607B680422C3F89422002300220021FA
:107AD400786809F053FF002318460837BD4680BD77
:107AE40080B582B000AF78607B680522C3F8942229
:107AF400002300220021786809F063FF0023184660
:107B04000837BD4680BD80B483B000AF0346FB8018
:107B1400FB885BBA9BB218460C37BD4680BC7047E5
:107B240080B483B000AF78607B681A067B681B0260
:107B340003F47F031A437B681B0A03F47F431A434D
:107B44007B681B0E134318460C37BD4680BC704738
:107B540080B582B000AF00237B6000F0A7F800F08E
:107B640037FB00F0EFFB06F0A3FE01F077FB06F015
:107B740081FD00BF0837BD4680BD000080B584B0DC
:107B840000AF7860404B1B687A689A4206D23F4B3C
:107B940040F25D123E493F480AF0E2F83E4B1B6852
:107BA4007A689A4206D3394B4FF4AF723B4939484D
:107BB4000AF0D6F87B681B79002B06D0334B40F2D1
:107BC4005F12374933480AF0CBF87B681B88B3F55A
:107BD400205F06D92D4B4FF4B17232492D480AF07B
:107BE400BFF8294B1B687A6812881344FB607A68D3
:107BF400FB689A421FD0FB681B79002B1BD1264BD4
:107C04001B68FA689A4216D0274B1B68FA689A4296
:107C140002D1254A7B681360FB681A887B681A8046
:107C2400194B1B687A68D11A174B1B68FA681288BB
:107C340013448AB25A80144B1B687A6852881344DE
:107C4400BB60BA687B689A421AD0BB681B79002B68
:107C540016D1154B1B687A689A4202D1124ABB6846
:107C640013607B681A88BB681A80074B1B68BA6864
:107C7400D11A054B1B687A68128813448AB25A8059
:107C840000BF1037BD4680BD685B0020302A010864
:107C9400602A0108782A01086C5B0020A02A0108E8
:107CA400BC2A0108D82A0108705B002080B483B084
:107CB40000AF184B033323F003031A46164B1A6024
:107CC400154B1B687B607B684FF420521A807B68DD
:107CD40000225A807B6800221A710F4B1B6803F53F
:107CE40020530E4A13600D4B1B6801221A710B4B73
:107CF4001B684FF420521A80084B1B684FF4205223
:107D04005A80054B1B68064A136000BF0C37BD46FA
:107D140080BC704754330020685B00206C5B0020FB
:107D2400705B002080B584B000AF78607B68002B66
:107D340043D07B6803F00303002B06D0224B4FF49F
:107D4400D672224922480AF00BF8224B1B687A6843
:107D54009A4204D3204B1B687A689A4206D31A4B82
:107D64004FF4D7721D491A4809F0FAFF194B1B68E2
:107D74007A689A4223D3184B1B687A689A421ED2B7
:107D84007B68083BFB60FB681B79002B06D10E4B1C
:107D94004FF4E07212490E4809F0E2FFFB6800223A
:107DA4001A71104B1B68FA689A4202D20D4AFB689A
:107DB4001360F868FFF7E2FE02E000BF00E000BFD6
:107DC4001037BD4680BD00BF302A0108042B0108CE
:107DD400782A0108685B00206C5B0020282B0108CE
:107DE400402B0108705B002080B586B000AF78603E
:107DF4000B467B807B8803339BB223F003037B8099
:107E04007B880B2B01D80C237B807B88B3F5205F08
:107E140001D90023B1E05B4B1B687A689A4204D312
:107E2400594B1B687A689A4206D3584B40F2F312B6
:107E34005749584809F094FF524B1B687A689A4294
:107E440004D3514B1B687A689A4201D37B6894E04F
:107E54007B68083B7B614B4B1B687A69D31A7B8236
:107E64007B691A887B8AD31A9BB2083B3B827A8847
:107E74003B8A9A4206D9454B40F206224649454878
:107E840009F06EFF7A883B8A9A4201D9002374E094
:107E94007A883B8A9A4201D17B686EE0394B1B6831
:107EA4007A6912881344FB60FB681B79002B31D17B
:107EB400FB681B883B817A8A7B8813449BB2083316
:107EC4007B81364B1B68FA689A4205D12D4B1A68A0
:107ED4007B891344314A13602A4B1A687B89134403
:107EE400FB60FB6800221A71FB683A891A80FB6800
:107EF4007A8A5A807B697A891A80FB681B88B3F571
:107F0400205F39D01F4B1B68FA68128813447A89A2
:107F14005A8031E07B8803F114023B8A9A422BD8C1
:107F24007A8A7B8813449BB208337B81154B1A6889
:107F34007B891344FB60194B1B68FA689A4202D28E
:107F4400164AFB681360FB6800221A717B691A8861
:107F5400FB681A80FB687A8A5A807B697A891A805E
:107F6400FB681B88B3F5205F06D0064B1B68FA68D4
:107F7400128813447A895A807B6818461837BD469C
:107F840080BD00BF685B00206C5B0020302A0108C4
:107F9400542B0108782A01086C2B0108705B00201F
:107FA40080B588B000AF0346FB80FB88002B01D16D
:107FB4000023C7E0FB8803339BB223F00303FB8059
:107FC400FB880B2B01D80C23FB80FB88B3F5205FC7
:107FD40001D90023B6E05D4B1A685D4B1B68D31AC8
:107FE400FB83A7E05A4B1A68FB8B13447B617B69C4
:107FF4001B79002B40F098807B691B881A46FB8B09
:10800400D31AA3F10802FB889A42C0F08D807B69E1
:108014001B881A46FB8BD31AA3F10802FB8814337E
:108024009A4227D3FA8BFB8813449BB208337B8292
:10803400474B1A687B8A1344FB60FB6800221A7161
:108044007B691A88FB681A80FB68FA8B5A807B6903
:108054007A8A1A807B6901221A71FB681B88B3F53E
:10806400205F0AD03A4B1B68FA68128813447A8A54
:108074005A8002E07B6901221A71344B1B687A69C9
:108084009A4227D1314B1B68BB6105E0304B1B681A
:10809400BA6912881344BB61BB691B79002B04D0F5
:1080A4002C4B1B68BA699A42F0D1284ABB69136009
:1080B400264B1A68274B1B689A420BD0234B1B682C
:1080C4001B79002B06D0244B40F2CF2223492448AD
:1080D40009F046FEFA887B69134408331D4A126886
:1080E400934206D91C4B40F2D3221E491C4809F086
:1080F40037FE7B6903F00303002B06D0164B40F2D6
:10810400D5221949164809F02BFE7B6903F00303B5
:10811400002B06D0104B40F2D7221449104809F026
:108124001FFE7B6908330DE0094B1A68FB8B13446F
:108134001B88FB83FA8BFB88C3F520539A42FFF418
:1081440051AF002318462037BD4680BD705B002028
:10815400685B00206C5B0020302A01088C2B01082E
:10816400782A0108A82B0108D82B0108082C01083B
:1081740080B485B000AF78607B689B6800221A6089
:108184007B685B68033323F00303BB600023FB605D
:1081940011E07B689B681A68BB681A607B689B68FF
:1081A400BA681A607B681B881A46BB681344BB60B4
:1081B400FB680133FB607B685B881A46FB6893426B
:1081C400E7DB00BF00BF1437BD4680BC704700002A
:1081D40080B582B000AF0023FB8009E0FB88084A29
:1081E40052F823301846FFF7C3FFFB880133FB80A6
:1081F400FB88082BF2D900BF00BF0837BD4680BDFD
:108204005847010880B584B000AF78607B689B68EC
:108214001B68FB60FB68002B12D07B689B68FA68C4
:1082240012681A60FB6803F00303002B06D0074BA7
:108234004FF4A4720649074809F092FDFB6800E078
:10824400002318461037BD4680BD00BF2C2C010802
:108254005C2C0108802C010880B584B000AF034673
:10826400FB71FB79082B08D90A4B40F287120A49A3
:108274000A4809F075FD002308E0FB79084A52F822
:1082840023301846FFF7BEFFF860FB681846103726
:10829400BD4680BD2C2C0108BC2C0108802C010893
:1082A4005847010880B584B000AF786039603B68F6
:1082B40003F00303002B06D00A4B4FF4CE720A4995
:1082C4000A4809F04DFD3B68FB607B689B681A68AF
:1082D400FB681A607B689B68FA681A6000BF1037F5
:1082E400BD4680BD2C2C0108DC2C0108802C010823
:1082F40080B582B000AF03463960FB71FB79082B6F
:1083040007D90C4B40F2DB120B490C4809F028FD4D
:108314000CE03B68002B08D0FB79094A52F8233063
:1083240039681846FFF7BEFF00E000BF0837BD46B6
:1083340080BD00BF2C2C0108FC2C0108802C0108F6
:108344005847010880B400AF00BFBD4680BC7047E9
:1083540080B584B000AFF860B9607A603B60FB69B7
:10836400002B05D1214BFB222149224809F0F8FCBE
:10837400FB6800225A60FB6800229A60FB680022B6
:10838400DA60FB68002283F82F20FB68032283F85D
:108394002420FB680022DA61FB68BA691A62164B72
:1083A4001B785A1CD1B2144A1170FA6882F8323020
:1083B400FB683A6A1A613B687A68B968F86800F041
:1083C4001FF8FB69F86898470346002B01D0002387
:1083D40007E00A4B1A68FB681A60084AFB681360D6
:1083E400FB6818461037BD4680BD00BF182D010834
:1083F4004C2D0108642D0108548A00204C8A002069
:1084040080B584B000AFF860B9607A603B60BB6847
:10841400002B03D0BB681B68002B0CD1B968F8682B
:1084240000F01AF87968F86800F061F83968F868BB
:1084340000F04AF80CE07968F86800F058F83968F8
:10844400F86800F041F8B968F86800F005F800BF72
:1084540000BF1037BD4680BD80B584B000AF7860E2
:1084640039603B68002B03D03B681B68FB6002E06B
:10847400144B1B68FB60FA687B6804331B689A42E0
:108484001CD07B68043307F10C021146184602F035
:10849400CDFA7B68043307F10C021146184606F046
:1084A4002DFB3B68002B02D03B681B6800E00023D7
:1084B4007A6853600121786800F05DF800BF1037D6
:1084C400BD4680BDBC47010880B483B000AF78606E
:1084D40039603B68002B02D03B681B6800E0002336
:1084E4007A68D36000BF0C37BD4680BC704780B447
:1084F40083B000AF786039603B68002B02D03B68E2
:108504001B6800E000237A68936000BF0C37BD4607
:1085140080BC704780B483B000AF7860034A7B6846
:10852400136000BF0C37BD4680BC7047508A0020E2
:1085340080B582B000AF78607B6893F82F3003F089
:108544000103002B13D17B6893F82F3043F0010310
:10855400DAB27B6883F82F207B6893F82F3003F01E
:108564000403002B03D00321786800F004F800BF53
:108574000837BD4680BD80B582B000AF78600B4639
:10858400FB70FB7803F00103002B11D07B680433EC
:108594001B68002B0CD07B6893F82F3003F0080382
:1085A400002B05D07B6804331946786807F0D8F9A6
:1085B40000BF0837BD4680BD80B582B000AF78608B
:1085C4007B6893F82F3003F00103002B12D07B68F3
:1085D40093F82F3023F00103DAB27B6883F82F205D
:1085E4007B6893F82F3003F00803002B02D07868DF
:1085F40006F07CFD00BF0837BD4680BD80B483B063
:1086040000AF786039607B68002B02D07B683A68E1
:10861400DA6100BF0C37BD4680BC704780B582B0BC
:1086240000AF0E4B00221A700D4B1B687B600FE0ED
:108634007B681B6F002B08D07B681B6F184601F00A
:108644006EFE7B6800221A6705E07B68DB687B604E
:108654007B68002BECD10837BD4680BD558A0020CD
:10866400648A002080B400AF034B01221A7000BF5B
:10867400BD4680BC704700BF558A002080B588B0D5
:1086840000AF0346FB710B46BB801346BB71FB79FD
:10869400042B1CD801A252F823F000BFB5860008B1
:1086A400BB860008C1860008C7860008CD8600087E
:1086B4003623FB8214E02223FB8211E00E23FB828B
:1086C4000EE00023FB820BE00023FB8208E0A14BB9
:1086D4004FF48B72A049A14809F042FB00235CE1EE
:1086E400BB79032B0DD0032B00F34681002B00F044
:1086F400D080002BC0F24081013B012B00F23C8171
:108704000DE10820FFF7A8FDF861FB69002B03D1F8
:10871400FFF7A8FF002340E1FB69BA791A73FB69EC
:1087240000221A60FB8A1033FA691344033323F0DE
:1087340003031A46FB695A60FB695B6803F0030391
:10874400002B06D0834B4FF494728549834809F07B
:1087540007FBFB69BA881A81FB8A033323F00303FE
:10876400C3F51472BB88934228BF13469AB2FB69BF
:108774005A81FB695B68FA6952891A44FB6903F5FB
:1087840018739A4206D9734B4FF49772754973481C
:1087940009F0E6FAFB8A033323F00303B3F5147FED
:1087A40006D16C4B40F231126F496C4809F0D8FA8B
:1087B400FB690122DA81FB69BB61BB88FA695289D2
:1087C4009B1A3B6161E00820FFF746FDF860FB68F7
:1087D400002B06D1FFF746FFF86900F0C7FA002323
:1087E400DBE0FB68BA791A73FB6800225A73FB68F2
:1087F40000221A60BB69FA681A603B694FF6FE7280
:10880400934206DD534B4FF4A6725849534809F07E
:10881400A7FA3B699AB2FB681A813B699BB2B3F52C
:10882400147F28BF4FF414739AB2FB685A81FB6813
:1088340003F11002FB685A60FB685B6803F00303F2
:10884400002B06D0434B40F251124949434809F0EA
:1088540087FAFB695B68FA6952891A44FB6903F574
:1088640018739A4206D93B4B40F253123D493B4898
:1088740009F076FAFB680122DA81FB685B891A4603
:108884003B699B1A3B61FB68BB613B69002B9ADC2B
:108894007CE0FB8A13339BB223F003039AB2BB88B8
:1088A40003339BB223F003039BB213447B817A8985
:1088B400BB88033323F003039A4201D200236CE004
:1088C4007B891846FFF76CFBF861FB69002B01D12B
:1088D400002362E0FB8A1033FA691344033323F064
:1088E40003031A46FB695A60FB69BA881A81FB695B
:1088F4001A89FB695A81FB6900221A60FB69BA79FB
:108904001A73FB695B6803F00303002B3DD0114B22
:108914004FF4BB721749114809F022FA35E00720D9
:10892400FFF79AFCF861FB69002B01D1002334E0C6
:10893400FB6900225A60FB69BA881A81FB691A89AB
:10894400FB695A81FB6900221A60FB69BA791A73C0
:108954001CE000BF8C2D0108BC2D0108D82D010896
:10896400002E0108302E0108642E0108982E0108FB
:10897400AC2E0108DC2E01080A4B4FF4C6720A49DA
:108984000A4809F0EDF9002307E000BFFB69012262
:10899400DA81FB6900225A73FB6918462037BD4609
:1089A40080BD00BF8C2D0108082F0108D82D0108B7
:1089B40080B584B000AF3B600346FB710B46BB80BF
:1089C4001346BB71FB79042B1BD801A252F823F088
:1089D400E9890008EF890008F5890008FB89000887
:1089E400018A00083623FB8114E02223FB8111E075
:1089F4000E23FB810EE00023FB810BE00023FB81AF
:108A040008E01D4B40F2C5121C491D4809F0A8F9A5
:108A140000232DE0FB89033323F00302BB881A44AF
:108A2400BB8B9A4201D9002322E03B6800221A60E2
:108A3400BB69002B08D0FB89033323F00303BA6915
:108A44001A443B685A6002E03B6800225A603B6863
:108A540002225A733B68BA881A813B681A893B68B8
:108A64005A813B68BA791A733B680122DA813B6800
:108A740018461037BD4680BD8C2D0108242F0108EF
:108A8400D82D010880B586B000AF78600B467B8096
:108A94007B68002B06D14B4B40F2F3124A494B48FA
:108AA40009F05EF97B681B7B032B12D07B681B7B70
:108AB400012B0ED07B681B7B002B0AD07B681B7BB1
:108AC400022B06D03F4B4FF4FA7241493F4809F05C
:108AD40047F97B681B897A889A426ED27B887A68C8
:108AE40012899B1AFB607B887B827B687B6125E013
:108AF4007B695B897A8AD31A7B82FB684FF6FE72A4
:108B0400934206DD2F4B40F20B2232492F4809F0E5
:108B140027F97B691A89FB689BB213449AB27B6973
:108B24001A817B691B687B617B69002B06D1254B0D
:108B340040F20F222849254809F012F97B695B8924
:108B44007A8A9A42D4D87B691B7B002B21D17B691A
:108B54005B897A8A9A421CD07B695B7B03F00203AF
:108B6400002B16D17B695A687B69D31A9AB27B8A27
:108B740013449BB219467869FFF736F978617B692B
:108B8400002B06D10F4B40F21D2214490F4809F067
:108B9400E7F87B697A8A5A817B695A897B691A81E9
:108BA4007B691B68002B04D07B691B68184600F0A6
:108BB400DDF87B6900221A6000E000BF1837BD466B
:108BC40080BD00BF8C2D0108482F0108D82D010855
:108BD400602F01087C2F0108902F0108A82F01089D
:108BE40080B584B000AF78600B467B8013467B7001
:108BF4007B68002B06D1464B40F23F22454946484C
:108C040009F0AEF8B7F90230002B02D07B68002BD4
:108C140001D1002378E0B7F90230002B10DA7B8809
:108C24005B42FB817B685B89FA899A420AD9384B9B
:108C340040F247223949384809F092F8012363E0A9
:108C44007B88FB817B681B7BBB817B685B68BB602B
:108C5400BB89002B02D0BB89032B12D17B685A68D5
:108C6400B7F902305B421A447B685A607B685A68E1
:108C74007B6810339A4238D27B68BA685A60012301
:108C840042E0BB89022B02D0BB89012B24D1B7F966
:108C94000230002B0DDA7B685B89FA899A4208D886
:108CA4007B685A68B7F902305B421A447B685A60A1
:108CB40011E0B7F90230002B0BDD7B78002B08D0D4
:108CC4007B685A68B7F902305B421A447B685A6081
:108CD40001E0012318E008E00D4B40F2772210492F
:108CE4000D4809F03DF801230EE07B685A897B8822
:108CF40013449AB27B685A817B681A897B8813442F
:108D04009AB27B681A81002318461037BD4680BD8D
:108D14008C2D0108C42F0108D82D0108D02F01087B
:108D2400F02F010880B582B000AF78600B467B80DD
:108D3400B7F90230002219467868FFF751FF03465D
:108D440018460837BD4680BD80B582B000AF786054
:108D54000B467B80B7F90230012219467868FFF789
:108D64003FFF034618460837BD4680BD80B586B030
:108D740000AF78607B68002B0BD17B68002B06D199
:108D84003E4B40F2D2223E493E4808F0E9FF002320
:108D940070E07B681B7B002B12D07B681B7B012B54
:108DA4000ED07B681B7B022B0AD07B681B7B032BBA
:108DB40006D0324B4FF437723349324808F0D0FFB3
:108DC4000023FB7552E07B68DB89002B06D12B4B1B
:108DD40040F2EB222D492B4808F0C2FF7B68DB8967
:108DE400013B9AB27B68DA817B68DB89BB82BB8AF0
:108DF400002B39D17B681B683B617B681B7BFB8143
:108E04007B685B7B03F00203002B11D07B68BB60A3
:108E1400BB681B69002B06D1184B40F2F9221C4990
:108E2400184808F09DFFBB681B697868984715E0EF
:108E3400FB89032B04D179680820FFF759FA0DE068
:108E4400FB89012B02D0FB89022B04D1796807200E
:108E5400FFF74EFA02E07868FEF764FFFB7D01330A
:108E6400FB753B697B6001E000237B607B68002B22
:108E7400A9D1FB7D18461837BD4680BD8C2D01084D
:108E8400C42F0108D82D010800300108183001084A
:108E94003030010880B485B000AF78600023FB81D6
:108EA40005E0FB890133FB817B681B687B607B6881
:108EB400002BF6D1FB8918461437BD4680BC704799
:108EC40080B582B000AF78607B68002B10D07B68DF
:108ED400DB8901339AB27B68DA817B68DB89002BFA
:108EE40006D1054B40F239320449054808F038FFF1
:108EF40000BF0837BD4680BD8C2D010854300108E1
:108F0400D82D010880B584B000AF786039607B68E3
:108F1400002B02D03B68002B07D1204B4FF4537237
:108F24001F49204808F01CFF34E07B68FB600AE01E
:108F3400FB681A893B681B8913449AB2FB681A813F
:108F4400FB681B68FB60FB681B68002BF0D1FB68A7
:108F54001A89FB685B899A4206D0104B40F255325D
:108F64001149104808F0FCFEFB681B68002B06D072
:108F74000A4B40F256320D490A4808F0F1FEFB68EC
:108F84001A893B681B8913449AB2FB681A81FB68EF
:108F94003A681A601037BD4680BD00BF8C2D0108A9
:108FA40068300108D82D0108A0300108D03001082C
:108FB40080B582B000AF7860396039687868FFF7AF
:108FC400A1FF3868FFF77CFF00BF0837BD4680BDAE
:108FD40080B584B000AF786039600023FB81002342
:108FE400BB817B68002B08D03B68002B05D07B68D5
:108FF4001A893B681B899A4209D2544B4FF46F7209
:109004005349544808F0ACFE6FF00F0399E07B68B5
:109014005B891A46FB89D21A3B685B891946BB896E
:10902400CB1A9A4205DB3B685A89BB89D31A7B81E8
:1090340004E07B685A89FB89D31A7B817B685A6870
:10904400FB89D0183B685A68BB8913447A8919464E
:1090540008F082FFFA897B891344FB81BA897B89F2
:109064001344BB817B685B89FA899A4206D9374BE2
:1090740040F2CD323849374808F072FE3B685B89CC
:10908400BA899A4206D9314B40F2CE32334931483B
:1090940008F066FE3B685B89BA899A4204D30023D0
:1090A400BB813B681B683B607B685B89FA899A4299
:1090B40014D10023FB817B681B687B607B68002BD9
:1090C4000CD13B68002B09D0204B4FF47672244915
:1090D400204808F045FE6FF00F0332E03B68002B98
:1090E40013D03B685A893B681B899A420DD13B686F
:1090F4001B68002B09D0154B40F2DD321949154885
:1091040008F02EFE6FF005031BE07B68002B13D0E4
:109114007B685A897B681B899A420DD17B681B68DE
:10912400002B09D0094B40F2E2320E49094808F0FD
:1091340017FE6FF0050304E03B68002B7FF467AF74
:10914400002318461037BD4680BD00BF8C2D010892
:109154001C310108D82D01084C3101086431010883
:10916400803101089031010880B588B000AFF86003
:10917400B96011461A460B46FB801346BB80002398
:10918400FB82FB68002B08D1304B40F2FE323049A1
:10919400304808F0E5FD002354E0BB68002B08D1FB
:1091A4002A4B40F2FF322C492A4808F0D9FD00230B
:1091B40048E000237B83FB68002B02D0BB68002BB4
:1091C40001D100233EE0FB68FB6134E0BB88002B47
:1091D4000AD0FB695B89BA889A4205D3FB695B892B
:1091E400BA88D31ABB8023E0FB695A89BB88D31A97
:1091F4003B833A8BFB889A4201D9FB883B837B8B68
:10920400BA68D018FB695A68BB8813443A8B19466C
:1092140008F0A2FEFA8A3B8B1344FB827A8B3B8BC9
:1092240013447B83FA883B8BD31AFB800023BB80D7
:10923400FB691B68FB61FB88002B02D0FB69002BD8
:10924400C4D1FB8A18462037BD4680BD8C2D010849
:10925400BC310108D82D0108DC31010880B400AF0D
:1092640000BFBD4680BC704780B500AF00F08AFFE8
:10927400074B1B780133DAB2054B1A70044B1B7889
:1092840003F00103002B01D000F0BAFC00BF80BD45
:109294006D8A002080B485B000AF786039607B6847
:1092A400FB600AE0FB689B6F3A689A4202D1FB6854
:1092B40000229A67FB68DB68FB60FB68002BF1D136
:1092C40000BF00BF1437BD4680BC704780B584B072
:1092D40000AF78607B68002B05D1134BC022134983
:1092E400134808F03DFD7B681B7D012B05D00E4B18
:1092F400C12210490E4808F033FD0123FB600BE046
:109304000D4AFB6852F823301B6879681846FFF74A
:10931400C1FFFB680133FB60FB68032BF0D900BF7E
:1093240000BF1037BD4680BD10330108403301082B
:109334004C3301087433010894470108B0B586B072
:1093440002AF78600B46FB70FB78002B75D07B680E
:109354001B7D042B03D07B681B7D072B6DD17B68A1
:109364005B6F002B04D17B681B8DB3F5066F64D053
:109374007B689B7E03F01003002B06D15B4B40F20D
:109384000F125B495B4808F0EBFC7B68D86C7B6888
:10939400596A7C687B681D1D7B68DB8A7A68128B3E
:1093A400019200932B46224604F0E6FE786801F011
:1093B40023FA514B1B687A689A4205D14E4B1B68BD
:1093C400DB684D4A136013E04B4B1B68FB600CE0F9
:1093D400FB68DB687A689A4204D17B68DA68FB68C8
:1093E400DA6005E0FB68DB68FB60FB68002BEFD10B
:1093F4007B680022DA60414B01221A707B681B7D76
:10940400042B0CD17B680A221A753D4B1A687B68C1
:10941400DA603B4A7B68136005F0F6F80BE0394BE1
:109424001B687A689A4202D103F046FD03E079682A
:109434000120FEF75DFF002353E07B681B7D022BB8
:109444003DD0022B47DC002B02D0012B2BD042E075
:109454007B68DB8A002B21D02B4B1B687A689A42ED
:1094640005D1294B1B68DB68274A136013E0264BA0
:109474001B68BB600CE0BB68DB687A689A4204D165
:109484007B68DA68BB68DA6005E0BB68DB68BB60F0
:10949400BB68002BEFD17B680022DA607968012079
:1094A400FEF726FF1CE07868FFF710FF796817487D
:1094B40001F0E4F979680220FEF71AFF10E07968F8
:1094C4000D4801F0DBF90D4B01221A707968012077
:1094D400FEF70EFF04E0786800F01AF8034600E097
:1094E400002318461037BD46B0BD00BF1033010835
:1094F4008C3301084C330108648A00206C8A0020F4
:10950400688A0020A48A00205C8A0020608A0020E7
:1095140080B584B000AF78607B68002B06D12E4BF9
:1095240040F24D122D492E4808F01AFC7B681B7D31
:10953400072B20D0072B2BDC032B02D0042B0DD0C0
:1095440026E0786803F042FD0346FB7397F90F3079
:10955400002B1FD17B6805221A751BE0786803F085
:1095640035FD0346FB7397F90F30002B14D17B684C
:1095740005221A7510E0786803F028FD0346FB7392
:1095840097F90F30002B09D17B6809221A7505E081
:1095940000231CE000BF02E000BF00E000BF97F919
:1095A4000F30002B03D1786804F062FB0DE097F9CB
:1095B4000F30B3F1FF3F08D17B689B7E43F0080373
:1095C400DAB27B689A76002301E097F90F301846E7
:1095D4001037BD4680BD00BF103301084033010879
:1095E4004C33010880B582B000AF78607B681B7D86
:1095F400012B06D07B689B7E43F01003DAB27B68B4
:109604009A7601217868FFF799FE034618460837D1
:10961400BD4680BD80B58CB002AF786039607B6890
:109624001B7D012B06D14D4B40F2DF124C494D48B6
:1096340008F096FB7B681B7D0A2B08D179684A48A1
:1096440001F01CF979680120FEF752FE81E0002345
:109654007B6200237B847B68DB6CBB617B685B6A19
:109664007B617B68D3F88C303B617B681B69FB6052
:109674007B681B7D002B26D17B68DB8A002B2ED0D8
:109684003A4B1B687A689A4205D1384B1B68DB68F1
:10969400364A136013E0354B1B68FB610CE0FB6931
:1096A400DB687A689A4204D17B68DA68FB69DA601D
:1096B40005E0FB69DB68FB61FB69002BEFD17B688C
:1096C4000022DA600BE03B687B627B68DB8A7B8488
:1096D4007968274801F0D2F8264B01221A707B687A
:1096E400DB6E002B04D07B68DB6E184600F017FE9F
:1096F4007B689B6E002B04D07B689B6E184600F041
:109704000EFE7B681B6F002B04D07B681B6F184612
:1097140000F005FE7B6A002B0CD07A687B68191D6B
:109724007B681B8B01937B8C00930B467969B8692A
:1097340004F022FD7B681B7DFB7279680120FEF733
:10974400D7FD3B69002B04D03B696FF00C01F8682E
:10975400984700BF2837BD4680BD00BF10330108BD
:10976400A83301084C330108688A00205C8A002071
:10977400648A00206C8A002080B582B000AF7860D3
:1097840001217868FFF746FF00BF0837BD4680BD5A
:1097940080B588B000AFF860B9601346FB8004233D
:1097A4007B61BB68002B01D13C4BBB60FB68002B89
:1097B40002D0BB68002B02D16FF005036AE0FB689E
:1097C4001B7D002B09D0364B4FF4117235493648B6
:1097D40008F0C6FA6FF005035CE0FB88002B09D1A2
:1097E40000F0CAF90346FB80FB88002B35D16FF0EB
:1097F40001034FE00023FB612BE02C4AFB6952F884
:1098040023301B68BB611EE0BB69DB8AFA889A427D
:1098140016D1BB69002B10D0BB691B68002B0CD080
:10982400BB68002B09D0BB681B68002B05D0BB6943
:109834001A68BB681B689A4202D16FF0070329E0DB
:10984400BB69DB68BB61BB69002BDDD1FB690133FC
:10985400FB61FA697B699A42CFDBBB68002B0CD0B1
:10986400BB681B68002B08D0BB68002B02D0BB6808
:109874001B6800E00023FA681360FB68FA88DA8248
:109884000B4B1A68FB68DA60094AFB68136004F042
:10989400BBFE002318462037BD4680BDBC470108E7
:1098A40010330108DC3301084C33010894470108E4
:1098B4005C8A002080B584B000AFF860B9601346BC
:1098C400FB71B868FFF758FF6FF00C0318461037A8
:1098D400BD4680BD80B582B000AF78600B46FB709A
:1098E400FB7800221946786800F006F8034618460B
:1098F4000837BD4680BD000080B588B000AFF86071
:109904000B467A60FB720023FB61FB681B7D002B16
:1099140009D03F4B4FF42D723E493F4808F020FADE
:10992400F123FB7669E0FB681B7D012B04D1FB6806
:10993400FB61F723FB7660E00220FEF78DFCF86103
:10994400FB69002B02D1FF23FB7656E0FB681A6902
:10995400FB691A61FB68DA8AFB69DA82FB69012216
:109964001A75FB685A7DFB695A75FB681A7AFB699C
:109974001A72FB689A7AFB699A72FB685A7AFB69D5
:109984005A72FB681A68FB691A60FB68DB8A002B51
:1099940021D0224B1B68FA689A4205D11F4B1B68E1
:1099A400DB681E4A136013E01C4B1B687B610CE0F0
:1099B4007B69DB68FA689A4204D1FB68DA687B69E0
:1099C400DA6005E07B69DB687B617B69002BEFD1A2
:1099D400FB680022DA60F9680120FEF789FCFB6964
:1099E4000F4A9A610F4B1A68FB69DA600D4AFB69EA
:1099F400136004F009FE0023FB767B68002B02D081
:109A04007B68FA7E1A70FB6918462037BD4680BD14
:109A140010330108043401084C3301085C8A002027
:109A2400B9980008608A002080B584B000AF7860DF
:109A34007B685B6A7A68128D1344FB607B68DB6A1F
:109A44007A68528EB2F5866F28BF4FF4866292B25E
:109A54001344FA68D31A002B08DB7B681A8D7B68E1
:109A64005A857B68DB6AFA68D31A20E07B685A6AF5
:109A74007B68DB6AD31A002B03DD7B6800225A85DE
:109A840014E07B68DA6A7B685B6AD31ABB60BB68E4
:109A9400B3F5803F06D3084B4FF442720749084898
:109AA40008F05EF9BB689AB27B685A8500231846B1
:109AB4001037BD4680BD00BF1033010828340108AB
:109AC4004C33010880B584B000AF78600B467B80CE
:109AD4007B681B7D012B06D1234B40F21F322349A7
:109AE400234808F03DF97B681A8D7B8813449AB2A9
:109AF4007B681A857B681B8DB3F5066F04D97B6878
:109B04004FF406621A8517E07B681B8D002B13D176
:109B14007B681B7D072B03D07B681B7D092B04D13D
:109B24007B684FF406621A8506E00F4B40F22D3233
:109B340010490F4808F014F97868FFF775FF0346D9
:109B4400FB60FB68B3F5067F09DB7B689B7E43F013
:109B54000203DAB27B689A76786804F089F800BF69
:109B64001037BD4680BD00BF1033010844340108DE
:109B74004C3301086C34010880B483B000AF002377
:109B8400BB801D4B1B885A1C91B21B4A11804FF697
:109B9400FF72934203D1184B4FF440421A800023C2
:109BA400FB711EE0FB79154A52F823301B683B60B9
:109BB40011E03B68DA8A104B1B889A4208D1BB88B3
:109BC4000133BB80BB88B3F5804FDAD300230DE0AB
:109BD4003B68DB683B603B68002BEAD1FB790133CF
:109BE400FB71FB79032BDDD9034B1B8818460C371B
:109BF400BD4680BC704700BF1C010020944701088B
:109C0400B0B58CB002AF00237B77974B1B68013350
:109C1400954A1360954B1B780133DAB2934B1A7053
:109C240000233B62924B1B687B6227E27B6A1B7DAD
:109C3400002B06D18F4B4FF47C728F498F4808F06C
:109C44008FF87B6A1B7D012B06D18A4B40F2F132DF
:109C54008B498A4808F084F87B6A1B7D0A2B06D15D
:109C6400844B40F2F2328749844808F079F87B6AE1
:109C74005A7F7E4B1B789A4203D17B6ADB687B62F6
:109C8400FCE17A4B1A787B6A5A770023FB7700232E
:109C9400BB777B6A1B7D022B08D17B6A93F8423029
:109CA400052B03D9FB7F0133FB77A2E07B6A93F892
:109CB40042300B2B03D9FB7F0133FB7799E07B6A9E
:109CC40093F89530002B32D07B6A93F89530013BA2
:109CD4006D4AD35CFB747B6A93F89430FA7C9A42A5
:109CE40007D97B6A93F894300133DAB27B6A83F83C
:109CF40094207B6A93F89430FA7C9A4279D8786AF3
:109D040004F0C1FB0346002B73D17B6A002283F865
:109D140094207B6A93F89530062B6AD87B6A93F873
:109D240095300133DAB27B6A83F8952061E07B6A6F
:109D3400B3F93030002B08DB7B6AB3F930309BB2C7
:109D440001339BB21AB27B6A1A867B6ADB6E002BE4
:109D54004FD07B6AB3F930207B6AB3F940309A4222
:109D640047DB7B6A1B7D022B18D07B6A93F8423059
:109D74000C2B28BF0C23FB757B6AB3F93C30DB103A
:109D84001BB21A467B6AB3F93E301344FA7D3F494D
:109D94008A5C93401AB27B6AA3F840207B6A002253
:109DA4001A867B6AB3F85C207B6AB3F84830934226
:109DB40028BF1346BB82BB8A5B089AB27B6AA3F8AE
:109DC4004A207B6AB3F84A207B6A5B8E5B009BB2B5
:109DD4009A4206D27B6A5B8E5B009AB27B6AA3F8D6
:109DE4004A207B6A5A8E7B6AA3F84820786A04F07A
:109DF40039FA7B6A1B7D062B0FD17B6A9B7E03F0AD
:109E04001003002B09D0184B1A687B6A1B6AD31AFB
:109E1400282B02D9FB7F0133FB777B6A1B7A03F083
:109E24000803002B5DD07B6A1B7D042B03D07B6A67
:109E34001B7D072B55D10C4B1A687B6A1B6AD21AFF
:109E44007B6AD3F8903003F5242303F6B843104912
:109E5400A1FB03135B099A421CD9FB7F0133FB77F7
:109E6400BB7F0133BB773CE0588A00206E8A002018
:109E7400648A002010330108C03401084C330108FF
:109E8400EC340108183501088C4701087C470108A7
:109E9400D34D6210974B1A687B6A1B6AD21A7B6A8D
:109EA400D3F890107B6A93F896301846924B00FBD7
:109EB40003F30B449149A1FB03135B099A4210D9A4
:109EC400786A04F0A3FA03467B7797F91D30002BD8
:109ED40007D17B6A93F896300133DAB27B6A83F850
:109EE40096207B6A1B6F002B16D0824B1A687B6A04
:109EF4001B6AD21A7B6AB3F9403019460B465B00E1
:109F04000B445B009A4207D37B6A1B6F184600F030
:109F140006FA7B6A00221A677B6A1B7D032B09D130
:109F2400744B1A687B6A1B6AD31A282B02D9FB7FED
:109F34000133FB777B6A1B7D092B09D16D4B1A68B2
:109F44007B6A1B6AD31AF02B02D9FB7F0133FB77A0
:109F5400FB7F002B5DD07B6AD3F88C30FB60786A82
:109F640000F04AFC3B6A002B10D0654B1B687A6AF0
:109F74009A4206D1634B40F289426349634807F031
:109F8400EFFE7B6ADA683B6ADA600FE05C4B1B68C1
:109F94007A6A9A4206D05B4B40F28D425C495B4838
:109FA40007F0DEFE7B6ADB68554A1360BB7F002B3B
:109FB40010D07B6AD86C7B6A596A7C6A7B6A1D1DE7
:109FC4007B6ADB8A7A6A128B019200932B462246C3
:109FD40004F0D2F87B6A1B69BB607B6A1B7DFB7152
:109FE4007B6A3B607B6ADB687B6239680120FEF731
:109FF4007FF9484B00221A70FB68002B04D0FB68E1
:10A004006FF00C01B8689847424B1B78002B35D091
:10A0140006E67B6A3B627B6ADB687B623B6ADB7ECB
:10A024000133DAB23B6ADA763B6ADA7E3B6A1B7F3B
:10A034009A4223D33B6A0022DA76364B00221A7006
:10A044003B6AD3F88830002B0AD03B6AD3F88830B7
:10A054003A6A1269396A1046984703467B7701E0E9
:10A0640000237B772B4B1B78002B00D0D8E597F986
:10A074001D30002B02D1386A03F0FAFD7B6A002BF5
:10A084007FF4D4AD00233B62234B1B687B6268E002
:10A094007B6A1B7D0A2B06D01A4B40F2BD421F4936
:10A0A4001A4807F05DFE0023FB77124B1A687B6A9F
:10A0B4001B6AD31AF02B02D9FB7F0133FB77FB7F9A
:10A0C400002B49D0786A00F097FB3B6A002B29D01B
:10A0D400114B1B687A6A9A4206D10A4B40F2CB4272
:10A0E4000F490A4807F03CFE7B6ADA683B6ADA608B
:10A0F40028E000BF588A0020F8240100D34D6210E4
:10A10400648A002010330108483501084C330108E3
:10A11400743501086C8A0020688A0020A035010883
:10A12400D0350108134B1B687A6A9A4206D0124B49
:10A1340040F2CF421149124807F012FE7B6ADB68F5
:10A144000C4A13607B6ABB617B6ADB687B62B9691A
:10A154000120FEF7CDF804E07B6A3B627B6ADB6892
:10A164007B627B6A002B93D100BF00BF2837BD46BA
:10A17400B0BD00BF688A002010330108F83501081B
:10A184004C33010880B582B000AF2D4B1B780133EE
:10A19400DAB22B4B1A702B4B1B687B6048E07B6850
:10A1A4005A7F274B1B789A423FD0254B1A787B68FD
:10A1B4005A777B689B7E03F00103002B10D07B68E9
:10A1C4009B7E43F00203DAB27B689A76786803F0E8
:10A1D4004FFD7B689B7E23F00303DAB27B689A769B
:10A1E4007B689B7E03F00803002B09D07B689B7E71
:10A1F40023F00803DAB27B689A767868FFF788F967
:10A204007B68DB683B607B685B6F002B0AD00E4B7E
:10A2140000221A70786800F019F80B4B1B78002B99
:10A2240000D0B8E73B687B6002E07B68DB687B605A
:10A234007B68002BB3D100BF00BF0837BD4680BD8B
:10A244006E8A0020648A00206C8A002090B585B054
:10A2540000AF78607B685B6F5B7BBB737B685B6F15
:10A26400BB607B6800225A677B68D3F88030002B80
:10A274000BD07B68D3F880407B6818690023BA68E8
:10A284007968A0470346FB7307E00023BA6879683E
:10A29400002000F09BF80346FB7397F90F30002B66
:10A2A4002AD1BB7B03F02003002B33D07B681B8DAA
:10A2B400B3F5066F05D07B681B8D01339AB27B68BA
:10A2C4001A857B68D3F88030002B0BD07B68D3F8D9
:10A2D40080407B681869002300227968A047034600
:10A2E400FB7301E00023FB7397F90F3013F10D0F9B
:10A2F40010D16FF00C030EE097F90F3013F10D0F2E
:10A3040002D16FF00C0306E07B68BA685A676FF0FD
:10A31400040300E0002318461437BD4690BD80B501
:10A3240084B000AF786007E07B681B68FB607868E6
:10A3340000F00AF8FB687B607B68002BF4D100BF57
:10A3440000BF1037BD4680BD80B582B000AF7860D5
:10A354007B68002B0CD07B685B68002B04D07B6887
:10A364005B681846FEF702FD79680320FDF7C0FF1D
:10A3740000BF0837BD4680BD80B483B000AF7860AD
:10A384000B46FB707B68FA785A7500BF0C37BD46E4
:10A3940080BC704780B584B000AF78600320FDF7BF
:10A3A4005BFFF860FB68002B01D100230AE0102258
:10A3B4007968F86807F0D0FDFB685B681846FEF71B
:10A3C4007FFDFB6818461037BD4680BD80B584B05C
:10A3D40000AFF860B9607A60FB707B68002B09D02D
:10A3E4007B681B891946B868FFF76CFB7868FEF731
:10A3F400BDFC08E097F90330002B04D1B868FFF7DF
:10A40400F1F8034600E0002318461037BD4680BD2E
:10A4140080B586B000AF0346FB7197F90730002B77
:10A4240001DBFB7900E07F23FB720023FB60002348
:10A434003B61164B1B687B611AE07B695B7DFA7A92
:10A444009A4212D3124B1A687B691B6AD31AFA68B0
:10A454009A420AD80E4B1A687B691B6AD31AFB60AE
:10A464007B693B617B695B7DFB727B69DB687B613C
:10A474007B69002BE1D13B69002B02D03869FFF7DF
:10A484007BF900BF1837BD4680BD00BF648A002039
:10A49400588A002080B586B000AF0346FB71FB7973
:10A4A400082B09D0FB79092B06D01A4B40F2DC5259
:10A4B40019491A4807F054FC0023FB6000233B6150
:10A4C400174B1B687B6117E07B691B7DFA799A4205
:10A4D4000FD1144B1A687B691B6AD31AFA689A4223
:10A4E40007D8104B1A687B691B6AD31AFB607B6917
:10A4F4003B617B69DB687B617B69002BE4D13B6951
:10A50400002B03D000213869FFF784F800BF183707
:10A51400BD4680BD10330108203601084C330108C4
:10A52400648A0020588A002080B584B000AF0023DC
:10A534007B600023BB60124B1B68FB6012E0114B75
:10A544001A68FB681B6AD31A7A689A4207D80D4BBB
:10A554001A68FB681B6AD31A7B60FB68BB60FB68E4
:10A56400DB68FB60FB68002BE9D1BB68002B02D0E1
:10A57400B868FFF701F900BF1037BD4680BD00BFC2
:10A58400688A0020588A002080B584B000AF034652
:10A59400FB710120FDF760FEF860FB68002B24D1FD
:10A5A400FFF7C2FF0120FDF757FEF860FB68002BA0
:10A5B4001BD10920FFF76EFF0120FDF74DFEF86067
:10A5C400FB68002B11D10820FFF764FF0120FDF781
:10A5D40043FEF860FB68002B07D1FB791846FFF7B0
:10A5E40017FF0120FDF738FEF860FB68002B3FD011
:10A5F40098220021F86807F018FCFB68FA795A756C
:10A60400FB684FF48662A3F86020FB684FF406628F
:10A614005A85FB685A8DFB681A85FB68FF229A727B
:10A62400FB684FF406725A86FB680622A3F84020A2
:10A63400FB680622DA87FB684FF6FF721A86FB680E
:10A644000122A3F848200D4B1A68FB681A620C4BD0
:10A654001A78FB685A77FB684FF48662A3F84A209D
:10A66400FB68084AC3F88020FB68074AC3F89020B7
:10A67400FB6818461037BD4680BD00BF588A0020CD
:10A684006E8A0020D1A3000800DD6D0080B500AF04
:10A694004020FFF779FF0346184680BD80B483B09D
:10A6A40000AF786039607B68002B02D07B683A6821
:10A6B4001A6100BF0C37BD4680BC704780B582B0BC
:10A6C40000AF786039607B68002B0ED07B681B7DFF
:10A6D400012B06D1074B40F2BB620749074807F03C
:10A6E4003FFB7B683A68C3F8802000BF0837BD464B
:10A6F40080BD00BF10330108303601084C33010817
:10A7040080B582B000AF786039607B68002B0DD0D3
:10A714007B681B7D012B06D1064B40F2CC620649B7
:10A72400064807F01DFB7B683A68DA6700BF083704
:10A73400BD4680BD10330108583601084C3301086A
:10A7440080B582B000AF786039607B68002B0ED092
:10A754007B681B7D012B06D1074B4FF4DC62074954
:10A76400074807F0FDFA7B683A68C3F88C2000BFFD
:10A774000837BD4680BD00BF10330108803601088C
:10A784004C33010880B485B000AF786039607B68D1
:10A79400002B08D07B681B7D012B04D17B68FB60F8
:10A7A400FB683A689A6100BF1437BD4680BC7047A5
:10A7B40080B584B000AFF860B9601346FB71FB68E4
:10A7C4001B7D012B06D1094B40F20372084909484D
:10A7D40007F0C6FAFB68BA68C3F88820FB68FA7900
:10A7E4001A7700BF1037BD4680BD00BF1033010883
:10A7F400A83601084C33010880B582B000AF7860F8
:10A804007B681B7D002B34D07B681B7D0A2B30D0EA
:10A814007B681B7D012B2CD07B685B6F002B07D0E2
:10A824007B685B6F1846FEF7A1FA7B6800225A67C3
:10A834007B681B6F1846FFF772FD7B6800221A675E
:10A844007B684FF6FF721A867B689B6E1846FFF78B
:10A8540066FD7B68DB6E1846FFF761FD7B680022AE
:10A864009A667B689A6E7B68DA667B680022A3F836
:10A87400642000BF0837BD4680BD000080B584B0A9
:10A8840000AF786039607B681B683A689A4205D1EA
:10A894007B681B68DA687B681A6013E07B681B6856
:10A8A400FB600CE0FB68DB683A689A4204D13B68C1
:10A8B400DA68FB68DA6005E0FB68DB68FB60FB686C
:10A8C400002BEFD13B680022DA603868FFF794FF71
:10A8D4003B681B7D0A2B13D03B681B7D012B0FD0DB
:10A8E4003B689B7E03F00103002B09D03B689B7EF1
:10A8F40043F00203DAB23B689A76386803F0B8F999
:10A904003B681B7D012B20D03B689B6E002B06D03F
:10A91400134B40F253721349134807F021FA3B6872
:10A92400DB6E002B06D00E4B40F254720F490E48DA
:10A9340007F016FA3B681B6F002B06D0084B40F259
:10A9440056720B49084807F00BFA3B6800221A7547
:10A954003B680022DA8200BF1037BD4680BD00BFCD
:10A9640010330108C83601084C330108E0360108E9
:10A97400FC36010880B483B000AF7860064B1A68D7
:10A98400064B1B681344044A1360034B1B681846A8
:10A994000C37BD4680BC704720010020588A002037
:10A9A40080B584B000AF03463960FB80386805F099
:10A9B40077F9F860FB68002B01D1FB8810E0FB6895
:10A9C400DB8C7B81B7F90A30002B08D07B89283BCC
:10A9D4003B813A89FB88934228BF1346FB80FB885E
:10A9E40018461037BD4680BD80B584B000AF78608E
:10A9F40039603B68FB6011E0FB681A687B681B6880
:10AA04009A4208D1FB68DB68BB60F868FEF7B4FEC5
:10AA1400BB68FB6002E0FB68DB68FB60FB68002B43
:10AA2400EAD100BF00BF1037BD4680BD80B584B0F9
:10AA340000AF786039607B68002B2CD07B681B6882
:10AA4400002B28D0164B1B6819467868FFF7CCFFFB
:10AA5400144B1B6819467868FFF7C6FF3B68002B48
:10AA640019D03B681B68002B15D00F4B1B68FB608B
:10AA74000EE0FB68DB68BB60FB681A687B681B68D8
:10AA84009A4203D13B681A68FB681A60BB68FB6092
:10AA9400FB68002BEDD100BF1037BD4680BD00BF61
:10AAA400648A00205C8A0020608A002090B58BB004
:10AAB40002AF786039607B685B68824A13607B68A8
:10AAC4005B89132B40F298837F4B5B697E4A126843
:10AAD4001146184605F060FB0346002B40F08E83B8
:10AAE400794B5B6903F0F003E02B00F08783754B2F
:10AAF4001B689B899BB21846FDF705F803461B0BA0
:10AB04009BB2DBB29B00BB74BB7C132B40F27883FB
:10AB1400BB7C9AB27B681B899A4200F27183BB7C2E
:10AB24009BB2143B9AB2694B1A80694B00221A609B
:10AB34007B685A89BB7C9BB29A420DD3634B1A88BB
:10AB4400644B1A80BB7C9BB25B429BB21BB219461E
:10AB54007868FEF7E7F855E07B681B68002B05D1A1
:10AB64005D4BB2225D495E4807F0FAF86FF01301BD
:10AB74007868FEF7D7F87B685A89564B1A80534B8E
:10AB84001A88544B1B88D31A3B82524B1B885B4256
:10AB94009BB21BB219467868FEF7C4F87B681B6841
:10ABA4005B893A8A9A4200F22D837B681B685B6852
:10ABB400474A13607B681A683B8A5B429BB21BB2AC
:10ABC40019461046FEF7AEF87B681A893B8AD31AF9
:10ABD4009AB27B681A817B685B89002B05D03E4B57
:10ABE400CF2240493E4807F0BBF87B681A897B684E
:10ABF4001B681B899A4205D0374BD0223A49384802
:10AC040007F0AEF82F4B1B681B889BB22D4A1468C3
:10AC14001846FCF778FF034623802A4B1B685B88A1
:10AC24009BB2284A14681846FCF76DFF03466380FC
:10AC3400244B1B685B68234A14681846FCF770FFB2
:10AC4400034663606368294A13601E4B1B689B6854
:10AC54001C4A14681846FCF763FF0346A360A36804
:10AC6400234A1360174B1B68DB899BB2154A14688F
:10AC74001846FCF748FF0346E381124B1B689B8987
:10AC84009BB21846FCF73FFF0346DBB203F03F03D9
:10AC9400DAB2184B1A707B681A89164B1B7803F0CA
:10ACA4000303002B14BF01230023DBB29BB2134424
:10ACB4009AB2114B1A800023BB61104B1B68FB61D5
:10ACC40082E000BF808A00203C330020848A002078
:10ACD400888A0020868A0020143701084837010832
:10ACE40058370108803701088C370108908A002002
:10ACF400948A00209C8A00209A8A0020648A00207A
:10AD0400FB691B7D002B05D16E4BE2226E496F4817
:10AD140007F026F8FB691B7D0A2B05D1694BE3225A
:10AD24006B496A4807F01CF8FB691B7D012B05D1B0
:10AD3400644BE4226749654807F012F8FB691A8BF3
:10AD4400654B1B681B889BB29A4238D1FB69DA8A2F
:10AD5400614B1B685B889BB29A4230D1FB695A688D
:10AD64005E4B1B699A422AD1FB691A685B4B5B698B
:10AD74009A4224D1FB69DB68FA699A4205D1514BA6
:10AD8400EC225749514806F0EBFFBB69002B0AD06F
:10AD9400FB69DA68BB69DA60524B1A68FB69DA60EE
:10ADA400504AFB691360FB69DB68FA699A420FD168
:10ADB400444BF4224C49454806F0D2FF08E0FB69B5
:10ADC400BB61FB69DB68FB61FB69002B98D100E088
:10ADD40000BFFB69002B40F08F80444B1B68FB6174
:10ADE4002FE0FB691B7D0A2B05D0364BFE22404920
:10ADF400364806F0B5FFFB691A8B374B1B681B8876
:10AE04009BB29A421AD1FB69DA8A334B1B685B887E
:10AE14009BB29A4212D1FB695A68304B1B699A4221
:10AE24000CD1FB691A682D4B5B699A4206D1F8690B
:10AE340000F016FB7868FDF799FFE9E1FB69DB6830
:10AE4400FB61FB69002BCCD10023BB61294B1B6840
:10AE54007B6119E07B69DA8A1F4B1B685B889BB2B4
:10AE64009A420CD17B691A681C4B5B699A420FD0D9
:10AE74007B69002B0DD07B691B68002B09D07B6993
:10AE8400BB617B69DB687B617B69002BE2D100E0FD
:10AE940000BF7B69002B2FD0BB69002B0AD07B69D4
:10AEA400DA68BB69DA60134B1A687B69DA60114AA5
:10AEB4007B691360786900F0F3F97868FDF756FF51
:10AEC400A6E100BF14370108AC3701085837010860
:10AED400D437010800380108808A00203C33002060
:10AEE40028380108648A002054380108688A002040
:10AEF40080380108608A0020FB69002B00F056812D
:10AF0400944B00221A607B681A89924B1A81914AE9
:10AF14007B685360904B1B688E4AD3608F4B002232
:10AF24001A608F4B00221A708E4B00221A808E4BAF
:10AF34001B7803F00803002B06D07B685B7B43F08F
:10AF44000103DAB27B685A73FB695B6F002B17D07D
:10AF5400F869FFF77BF9034613F10D0F07D0FB697E
:10AF64005B6F002B0CD0814B1B88002B08D0FB6936
:10AF74005B8D002B40F0E280F86902F01DFEDDE0FD
:10AF84007B4AFB691360F86900F0D2FA0346FB744C
:10AF940097F9133013F10D0F00F0D280704B1B782A
:10AFA40003F00803002B16D0FB69D3F88C30002B78
:10AFB40008D0FB69D3F88C30FA6912696FF00D017F
:10AFC40010469847F9696B48FFF758FCF969012066
:10AFD400FDF78EF9D7E00023FB74624B1B88002B2E
:10AFE4001BD0604B1B88FB81FB69DB6F002B09D0F6
:10AFF400FB69DB6FFA691069FA89F96998470346B6
:10B00400FB7401E00023FB7497F9133013F10D0F67
:10B0140000F09880534B00221A80F86900F00EF972
:10B024000346002B40F090804C4B1B68002B41D012
:10B03400FB695B6F002B06D04F4B4FF4D2724F4924
:10B044004F4806F08DFEFB699B7E03F01003002B36
:10B0540008D0424B1B681846FDF788FEF869FEF7D6
:10B064008BFB90E0FB69D3F88030002B0CD0FB699C
:10B07400D3F88040FB691869384B1A680023F969D2
:10B08400A0470346FB7408E0344B1A680023F969AF
:10B094000020FFF79BF90346FB7497F9133013F173
:10B0A4000D0F53D097F91330002B03D02B4B1A6894
:10B0B400FB695A672A4B1B7803F02003002B30D01E
:10B0C400FB695B6F002B09D0FB695B6F5A7BFB69E3
:10B0D4005B6F42F02002D2B25A7322E0FB691B8DEF
:10B0E400B3F5066F05D0FB691B8D01339AB2FB697A
:10B0F4001A85FB69D3F88030002B0BD0FB69D3F899
:10B104008040FB69186900230022F969A0470346BF
:10B11400FB7401E00023FB7497F9133013F10D0F56
:10B1240016D0134B00221A60F86900F087F8034622
:10B13400002B27D1F86902F09BFD24E000BF22E038
:10B1440000BF20E000BF1EE000BF1CE000BF1AE00B
:10B1540000BF18E0708A0020808A0020A08A0020A6
:10B164009D8A0020988A00209C8A00209A8A0020C8
:10B17400A48A0020648A002014370108B03801082A
:10B184005837010800BF244B00221A60234B0022C9
:10B194001A60234B5B68002B39D0214B5B6818463F
:10B1A400FDF7E4FD1E4B00225A6030E01D4B1B6886
:10B1B4009B899BB21846FCF7A6FC034603F00403E4
:10B1C400002B15D1184B1868184B1B881A46184BBE
:10B1D4001B68D118134B1B685B889BB2114A126819
:10B1E400128892B201920093124B134A02F0C4FFE8
:10B1F4007868FDF7BBFD0AE000BF04E000BF02E091
:10B2040000BF00E000BF7868FDF7B0FD00E000BFBC
:10B214002437BD4690BD00BFA48A0020A08A002028
:10B22400708A0020808A0020948A00209A8A002054
:10B23400908A00204C3300205033002080B582B027
:10B2440000AF7860144B1B7803F01003002B1DD063
:10B254007B689B7E03F01003002B0DD17B68D3F831
:10B264008C30002B08D07B68D3F88C307A68126954
:10B274006FF00E011046984779680848FFF7FEFA08
:10B2840079680120FDF734F8012300E00023184613
:10B294000837BD4680BD00BF9D8A0020648A002017
:10B2A40080B588B002AF7860634B1B7803F0040369
:10B2B400002B40F0BB80604B1B7803F01003002B85
:10B2C40016D05E4B18685E4B1B881A465D4B1B6894
:10B2D400D1185D4B1B685B889BB25B4A126812886D
:10B2E40092B201920093594B594A02F045FF9FE0F4
:10B2F400514B1B7803F00203002B00F099807B680C
:10B304005B7D1846FFF740F978617B69002B11D10A
:10B314007B689B69002B0AD07B689B697A681069FB
:10B324004FF0FF32002198470346BB7381E0F023BE
:10B33400BB737EE0474B5A697B691A60454B1A69B7
:10B344007B695A607B68DA8A7B69DA823E4B1B68C8
:10B354001B889AB27B691A837B6903221A75394B5D
:10B364001B685A1C7B695A627B695A6A7B69DA6278
:10B374007869FFF7FFFA38617B693A695A657B6936
:10B384003A69DA647B693A695A647B693A699A650D
:10B394002C4B1B685A1E7B691A657B681A697B698A
:10B3A4001A617B697A689A677B681B7A03F00C03DD
:10B3B400DAB27B691A72284B1A687B69DA60264A0A
:10B3C4007B69136003F020F9244B01221A70786919
:10B3D40001F00CFD1C4B1B68DB899AB27B69A3F856
:10B3E4005C207B69B3F85C207B69A3F85E207B69F1
:10B3F4005A8E7B69043319461046FFF7D1FA034687
:10B404001A467B695A861221786902F0D9FA0346F2
:10B41400FB7397F90F30002B04D000217869FEF7F5
:10B42400F9F806E0786902F023FC01E000BF00E0CF
:10B4340000BF1837BD4680BD9C8A0020948A002036
:10B444009A8A0020908A0020808A00204C330020B1
:10B45400503300203C330020648A00206C8A002092
:10B4640080B584B002AF7860294B1B7803F00403E5
:10B47400002B46D1264B1B7803F00203002B27D068
:10B48400244B1A687B685B6AD31A002B2ADB214B96
:10B494001A687B685B6A7968098D0B44D31A002BA0
:10B4A40020DC1D4B18681D4B1B881A46194B1B6862
:10B4B400D1181B4B1B685B889BB2194A126812880F
:10B4C40092B201920093174B174A02F055FE1BE00B
:10B4D4000F4B1B7803F00103002B03D0134B1A68A6
:10B4E4007B681A620D4B1B88002B0CD07B689B7EFB
:10B4F40043F00203DAB27B689A76786802F0B8FB0C
:10B5040001E000BF00E000BF0837BD4680BD00BFBA
:10B514009C8A0020908A0020948A00209A8A002025
:10B52400808A00204C33002050330020588A0020A9
:10B5340080B58AB002AF78600023FB760023BB7627
:10B54400934B1B7803F00403002B4ED07B681B7DC8
:10B55400022B08D17B68DA6C8E4B1B689A4223D18C
:10B564000123FB7620E07B685A6A8B4B1B689A4266
:10B5740002D10123FB7617E0874B1A687B685B6A6C
:10B58400D31A002B10DB844B1A687B685B6A7968DA
:10B59400098D0B44D31A002B06DC7B689B7E43F099
:10B5A4000203DAB27B689A76FB7E002B1BD07B68A1
:10B5B4001B7D002B06D1794B40F2E722784979486C
:10B5C40006F0CEFB784B1B7843F00803DAB2764BD7
:10B5D4001A707B689B7E23F00103DAB27B689A764B
:10B5E4006FF00D0348E3002346E3694B1B7803F037
:10B5F4000203002B10D07B681B7D022B0CD07B68D0
:10B604001B7D032B08D07B689B7E43F00203DAB2D8
:10B614007B689A7600232FE37B689B7E03F01003FC
:10B62400002B03D1614B1A687B681A627B68002285
:10B6340083F89620786801F0D9FB7B681B7D023B78
:10B64400072B00F2098301A252F823F071B6000817
:10B6540067B80008BFB90008E9B900080BBB0008C7
:10B66400BFB9000897BB000827BC0008484B1B78EB
:10B6740003F01003002B00F0CA80454B1B7803F045
:10B684000203002B00F0C3807B685B6C5A1C414BA7
:10B694001B689A4240F0BB803F4B1B685A1C7B6876
:10B6A4005A627B685A6A7B68DA623A4B1A687B682A
:10B6B4005A643F4B1B68DB899AB27B68A3F85C2011
:10B6C4007B68B3F85C207B68A3F85E20324B1B6870
:10B6D4005A1E7B681A657B6804221A757B685A8E29
:10B6E4007B68043319461046FFF75AF903461A4695
:10B6F4007B685A867B685B8E5B0041F21C129A421F
:10B7040038BF1A467B685B8E9B00934228BF134662
:10B714009AB27B68A3F848207B68B3F86230002BA8
:10B7240006D11E4B40F21A3222491E4806F018FB7D
:10B734007B68B3F86230013B9AB27B68A3F862205D
:10B744007B68DB6EFB61FB69002B11D17B689B6E10
:10B75400FB61FB69002B06D1104B40F222321649E3
:10B76400104806F0FDFAFB691A687B689A6603E0E4
:10B77400FB691A687B68DA66F869FEF7E5FD7B68A1
:10B78400DB6E002B1AD17B684FF6FF721A861CE021
:10B794009C8A0020948A0020908A00201437010893
:10B7A400CC380108583701089D8A0020588A0020A7
:10B7B400808A0020EC380108043901087B680022E3
:10B7C4001A867B68002283F842207B68D3F8843091
:10B7D400002B0AD07B68D3F884307A681069002281
:10B7E400796898470346BB7601E00023BB7697F956
:10B7F4001A3013F10D0F02D16FF00C033CE27B6899
:10B804009B7E43F00203DAB27B689A7626E2934B7E
:10B814001B7803F01003002B00F02082904B186873
:10B82400904B1B881A46904B1B68D1188F4B1B6892
:10B834005B889BB28D4A1268128892B2019200937F
:10B844008B4B8C4A02F098FC7B6893F84230052BB2
:10B8540000F204827B6800221A86786802F002FDF6
:10B86400FCE17E4B1B7803F01003002B00F0918069
:10B874007B4B1A687B685B6CD31A013B002B71DB32
:10B88400774B1A687B68DB6CD31A002B6ADC7B6805
:10B8940004221A757B689B6F002B0BD07B689B6F0F
:10B8A4009B69002B06D1744B4FF45472734974484E
:10B8B40006F056FA7B689B6F002B02D1FA23BB7605
:10B8C40011E07B689B6F9B69002B0AD07B689B6FA0
:10B8D4009B697A6810690022796898470346BB76A9
:10B8E40001E0F023BB7697F91A30002B0AD097F9C0
:10B8F4001A3013F10D0F02D07868FDF73DFF6FF099
:10B904000C03B9E1786800F03DFA5E4B1B88002B0C
:10B9140005D05C4B1B88013B9AB25A4B1A807B685A
:10B924005B8E5B0041F21C129A4238BF1A467B6858
:10B934005B8E9B00934228BF13469AB27B68A3F8A0
:10B944004820514B1B7803F02003002B34D07B6834
:10B954009B7E43F00203DAB27B689A767B68072207
:10B964001A7529E03E4B18683E4B1B881A463E4B1D
:10B974001B68D1183D4B1B685B889BB23B4A12681D
:10B98400128892B201920093394B3A4A02F0F4FBC6
:10B9940066E1324B1B7803F00203002B00F0608158
:10B9A4007B685B6A5A1E304B1B689A4240F0588190
:10B9B400786802F08DFC53E152E1786800F0E2F916
:10B9C400314B1B7803F02003002B00F04B817B6884
:10B9D4009B7E43F00203DAB27B689A767B68072287
:10B9E4001A753FE1786800F0CDF9274B1B7803F016
:10B9F4002003002B70D0194B1B7803F01003002B8D
:10BA04005FD07B68DA6C164B1B689A4259D17B680D
:10BA14009B6E002B55D17B689B7E43F00203DAB208
:10BA24007B689A767868FEF7E7FE184B1B687A689D
:10BA34009A4205D1154B1B68DB68144A13602DE04C
:10BA4400124B1B687B6126E07B69DB687A689A424B
:10BA54001ED17B68DA687B69DA601FE09C8A00206B
:10BA6400948A00209A8A0020908A0020808A0020EC
:10BA74004C330020503300201437010818390108D2
:10BA840058370108988A00209D8A0020648A002083
:10BA94007B69DB687B617B69002BD5D17B680022E5
:10BAA400DA60774B01221A707B680A221A75754B8B
:10BAB4001A687B68DA60734A7B68136002F0A4FD3D
:10BAC400D2E07B689B7E43F00203DAB27B689A760D
:10BAD4007B6808221A75C7E06B4B1B7803F01003D0
:10BAE400002B00F0C1807B68DA6C684B1B689A42BB
:10BAF40040F0BA807B689B6E002B40F0B5807B6879
:10BB040006221A75B0E0786800F03CF9604B1B78A7
:10BB140003F02003002B00F0A9807B689B7E43F098
:10BB24000203DAB27B689A767868FEF765FE594BB1
:10BB34001B687A689A4205D1564B1B68DB68554AE4
:10BB4400136013E0534B1B683B610CE03B69DB68FB
:10BB54007A689A4204D17B68DA683B69DA6005E066
:10BB64003B69DB683B613B69002BEFD17B680022BA
:10BB7400DA60434B01221A707B680A221A75414B22
:10BB84001A687B68DA603F4A7B68136002F03CFD08
:10BB94006CE0786800F0F6F83B4B1B7803F0100378
:10BBA400002B65D07B68DA6C384B1B689A425FD1F6
:10BBB4007B689B6E002B5BD17868FEF71DFE354BCE
:10BBC4001B687A689A4205D1324B1B68DB68314A9C
:10BBD400136013E02F4B1B68FB600CE0FB68DB6811
:10BBE4007A689A4204D17B68DA68FB68DA6005E017
:10BBF400FB68DB68FB60FB68002BEFD17B680022ED
:10BC0400DA601F4B01221A707B680A221A751D4BD9
:10BC14001A687B68DA601B4A7B68136002F0F4FCE4
:10BC240026E0786800F0AEF8174B1B7803F0100399
:10BC3400002B1FD07B68DA6C144B1B689A4219D115
:10BC44007B689B6E002B15D1114B1B7843F01003BE
:10BC5400DAB20F4B1A700DE000BF0CE000BF0AE02F
:10BC640000BF08E000BF06E000BF04E000BF02E040
:10BC740000BF00E000BF002318462037BD4680BD4A
:10BC84006C8A0020688A00209C8A0020948A002004
:10BC94009D8A0020648A002090B585B000AF78604A
:10BCA40039607B68DB689B899BB21846FBF72BFFE6
:10BCB400034603F00103002B27D03868FEF72FFB5F
:10BCC40000233B6055E03B68DB689B899BB21846C8
:10BCD400FBF719FF034603F00103002B0DD07B682B
:10BCE400DB689B899CB20120FBF70DFF03461A46D3
:10BCF4007B68DB68224392B29A813B68FB603B68B5
:10BD04001B683B60F868FEF71FFB3B68002B0ED0F6
:10BD14007B681B891A461A4B1B681A443B68DB680C
:10BD24005B68396809890B44D31A002BCBDA3B686A
:10BD3400002B1ED07B681B891A46114B1B681A44C2
:10BD44003B68DB685B68D31A002B12DD3B68DB6859
:10BD54005B689AB20A4B1B689BB2D31A9AB27B688F
:10BD64001A817B685A687B681B8919461046FCF760
:10BD740089FE7B683A681A6000BF1437BD4690BDDF
:10BD8400908A0020F0B58DB000AF78600023FB618D
:10BD94007B681B7D032B06D8984B4FF4816298492E
:10BDA400984805F0DDFF984B1B7803F01003002B37
:10BDB40000F0C1827B68B3F85C301A467B685B6D27
:10BDC40013447B617B681A6D904B1B68D31A002B5C
:10BDD4001BDB7B681A6D8D4B1B689A4206D17B680E
:10BDE4005A6D8B4B1B68D31A002B0EDB7B685A6D84
:10BDF400874B1B689A4241D1864B1B68DB899AB2F8
:10BE04007B68B3F85C309A4238D9824B1B68DB8973
:10BE14009AB27B68A3F85C207B68B3F85E207B68E9
:10BE2400B3F85C309A4205D27B68B3F85C207B6837
:10BE3400A3F85E20754B1A687B681A65744B1A6800
:10BE44007B685A657B68B3F85C30002B0DD17B6846
:10BE540093F89530002B11D17B68002283F894204D
:10BE64007B68012283F8952008E07B6893F895307D
:10BE7400002B03D07B68002283F89520644B1A685A
:10BE84007B685B6CD31A002B53DC634B1B88002B41
:10BE940046D17B685B6D7A68B2F85C2013447A699A
:10BEA4009A423DD17B68B3F93030002B38DB7B6894
:10BEB4005A6C574B1B689A4232D10123FB617B6851
:10BEC40093F84330FF2B07D07B6893F8433001335A
:10BED400DAB27B6883F843207B6893F84330032B02
:10BEE40016D97B68B3F848207B685B8E13449AB2FA
:10BEF4007B68B3F848309A4212D97B68B3F848207B
:10BF04007B685B8E13449AB27B68A3F8482007E0F1
:10BF14007B6893F84330032B02D1786802F028FA47
:10BF2400FB69002B40F06A817B68002283F8432080
:10BF340064E1374B1A687B685B6CD31A013B002BB6
:10BF4400C0F20881324B1A687B68DB6CD31A002B71
:10BF540000F300817B689B7E03F00403002B0CD06C
:10BF64007B689B7E23F00403DAB27B689A767B6855
:10BF7400B3F84A207B68A3F848207B68002283F842
:10BF840042207B68B3F93C30DB101BB29AB27B6869
:10BF9400B3F93E309BB213449BB21AB27B68A3F848
:10BFA40040207B68002283F84320194B1A687B6881
:10BFB4005A647B681B7D032B40F295807B68B3F841
:10BFC40048207B68B3F84A309A4227D27B68B3F89A
:10BFD40048207B685B8E13449AB27B68B3F8483080
:10BFE4009A4240F280807B68B3F848207B685B8E7D
:10BFF40013449AB27B68A3F8482074E0143701080C
:10C0040038390108583701089C8A0020908A00209A
:10C01400948A0020808A00209A8A00207B68B3F8E2
:10C0240048207B685B8E19467B685B8E01FB03F3BB
:10C034007968B1F8481093FBF1F39BB213447B8207
:10C044007B68B3F848307A8A9A424CD97B687A8AFA
:10C05400A3F8482047E07B68DB6EFB627B68DB6EFD
:10C064001A687B68DA667B68B3F86240FB6A5B68CF
:10C074001846FCF70FFF03469C4206D2704B40F271
:10C084009E427049704805F06BFEFB6A5B68184677
:10C09400FCF700FF03461A467B68B3F862309B1A2C
:10C0A4009AB27B68A3F86220FB6A1A89674B1B88E3
:10C0B40013449AB2654B1A80F86AFEF745F97B6817
:10C0C400B3F86230002B0ED07B68DB6E002B0AD1F4
:10C0D4007B689B6E002B06D1594B40F2A6425C490B
:10C0E400594805F03DFE7B68DB6E002B22D07B684F
:10C0F400DB6EDB685B681846FBF712FD04467B6861
:10C10400DB6E1B891D467B68DB6EDB689B899BB2FB
:10C114001846FBF7F8FC034603F00303002B01D099
:10C12400012300E000232B44E2184A4B1B68D31A76
:10C13400002B90DD7B68DB6E002B04D17B684FF60F
:10C14400FF721A8602E07B6800221A867B6800224E
:10C15400DA7602E0786801F02FFD4FE07B689B6E91
:10C16400FB627B689B6E1A687B689A667B689B6E31
:10C17400002B03D17B680022A3F864207B68B3F80A
:10C184006240FB6A5B681846FCF784FE03469C42E7
:10C1940006D22B4B40F2D5422A492B4805F0E0FD4C
:10C1A400FB6A5B681846FCF775FE03461A467B6813
:10C1B400B3F862309B1A9AB27B68A3F86220FB6AD8
:10C1C4001A89224B1B8813449AB2204B1A80F86AAE
:10C1D400FEF7BAF87B68B3F86230002B0ED07B68A8
:10C1E400DB6E002B0AD17B689B6E002B06D1144BAF
:10C1F40040F2DC421649144805F0B2FD7B689B6EA0
:10C20400002B37D0134B1C687B689B6EDB685B6824
:10C214001846FBF785FC05467B689B6E1B891E460A
:10C224007B689B6EDB689B899BB21846FBF76BFCB3
:10C23400034603F00303002B0ED001230DE000BFDF
:10C24400143701085439010858370108988A002026
:10C254007C390108948A0020002333442B44E31AD8
:10C26400002B07DB8D4B1A687B68DB6CD31A002B21
:10C274007FF774AF7B68B3F86020894B1B88134445
:10C284009AB27B68A3F860207B685B6B002B52D06A
:10C294007B689A6B814B1B68D31A002B4BDA814B5A
:10C2A4001B689AB27B685B6B9BB2D31A9BB27B848C
:10C2B4007A8C7B68B3F93C30DB101BB29BB2D31A87
:10C2C4009BB27B847B68B3F93C309AB27B8C134479
:10C2D4009BB21AB27B689A87B7F92230002B03DA33
:10C2E4007B8C5B429BB27B847A8C7B68B3F93E3057
:10C2F4009B101BB29BB2D31A9BB27B847B68B3F9AD
:10C304003E309AB27B8C13449BB21AB27B68DA87B4
:10C314007B68B3F93C30DB101BB29AB27B68B3F98B
:10C324003E309BB213449BB21AB27B68A3F8402000
:10C334007B6800225A635C4B1B88002B00F0F1845D
:10C344007B681B7D062B00F2EC847B685A6A574B92
:10C354001B68D31A013B002BC0F2B8807B685A6A71
:10C36400514B1B881946514B1B680B44D31A01339C
:10C37400002B00F3AB804E4B5B68BB617B685A6A51
:10C384004A4B1B68D31A7B62494B5B68002B06D16E
:10C39400484B40F23C524849484805F0E1FC7B6A6E
:10C3A40047F6FE72934206DD424B40F23D52444949
:10C3B400424805F0D5FC3E4B5B685B891A467B6AB4
:10C3C40093423EDD3A4B5B681B891A467B6A934273
:10C3D40006DD384B40F23F523A49384805F0C0FC7C
:10C3E400334B5B681A897B6A9BB2D31A3B820EE09B
:10C3F400BB695B891A467B6A9B1A7B62BB693A8A72
:10C404001A81BB6900225A81BB691B68BB61BB6985
:10C414005B891A467B6A9342EADC7B6A9BB25B4285
:10C424009BB21BB21946B869FCF77CFC0346002B8F
:10C434001CD0204B40F24C522349204805F090FC7C
:10C4440014E01B4B5B687A6A92B2524292B212B207
:10C4540011461846FCF766FC0346002B06D0154B24
:10C4640040F251521849154805F07AFC104B1A89CC
:10C474000E4B1B6899B27B685B6A9BB2CB1A9BB26A
:10C4840013449AB20A4B1A817B685B6A074A1360A9
:10C49400074BDB68054A12685A6025E0948A00203D
:10C4A400988A0020588A00209A8A0020908A0020C6
:10C4B400708A0020143701089C3901085837010894
:10C4C400AC390108BC390108CC390108874B1A681A
:10C4D4007B685B6AD31A002B06DA7B689B7E43F089
:10C4E4000203DAB27B689A76804B1A687B685B6ACF
:10C4F400D31A002BC0F210847C4B1A687B685B6AE9
:10C504007968098D0B44D31A0133002B00F304849A
:10C514007B685A6A754B1B689A4240F08782744B59
:10C524001C89734BDB689B899BB21846FBF7EBFABB
:10C53400034603F00303002B01D0012300E0002392
:10C5440023449AB26B4B1A807B681A8D694B1B8803
:10C554009A426ED2664BDB689B899BB21846FBF706
:10C56400D2FA034603F00103002B1BD0604BDB68B7
:10C574009B899BB223F47C539CB25D4BDB689B8903
:10C584009BB21846FBF7BFFA034603F03E039BB287
:10C594001846FBF7B8FA03461A46554BDB682243A4
:10C5A40092B29A817B681A8D514B1A81504BDB6889
:10C5B4009B899BB21846FBF7A6FA034603F00203D5
:10C5C400002B05D04A4B1B89013B9AB2484B1A8178
:10C5D400474B5B68464A128911461846FCF752FAE3
:10C5E400434B1C89424BDB689B899BB21846FBF783
:10C5F4008AFA034603F00303002B01D0012300E071
:10C60400002323449AB23B4B1A803A4B1B881A46A8
:10C61400364B1B681A447B685B6A7968098D0B4446
:10C624009A4206D0344B40F27E523449344805F0E5
:10C6340097FB7B681B6F002B00F0E1802C4BDB68C1
:10C644009B899BB21846FBF75EFA034603F001038D
:10C65400002B10D00AE07B681B6FBB607B681B6FEC
:10C664001A687B681A67B868FDF76EFE7B681B6FF3
:10C67400002BF0D1C3E07B681B6FFB624FE0FB6AC9
:10C68400DB689B899BB21846FBF73DFA034603F02F
:10C694000103002B3BD0164BDB689B899BB21846E9
:10C6A400FBF731FA034603F00203002B2FD1104BA2
:10C6B400DB689B899CB20120FBF725FA03461A46E6
:10C6C4000B4BDB68224392B29A81094B1C89084BBD
:10C6D400DB689B899BB21846FBF715FA034603F007
:10C6E4000303002B0ED001230DE000BF908A00202D
:10C6F400708A00209A8A002014370108E039010862
:10C7040058370108002323449AB2954B1A80FB6AD8
:10C71400BB62FB6A1B68FB62B86AFDF715FEFB6A25
:10C72400002B0ED08E4B1B881A468E4B1B681A4466
:10C73400FB6ADB685B68F96A09890B44D31A002B2E
:10C744009DDAFB6A002B57D0854B1B881A46854B14
:10C754001B681A44FB6ADB685B68D31A002B4BDD49
:10C76400FB6ADB685B689AB27E4B1B689BB2D31A88
:10C774009AB27D4B1A817C4BDB689B899BB218462D
:10C78400FBF7C1F9034603F00203002B05D0764BF7
:10C794001B89013B9AB2744B1A81734B5B68724AD2
:10C7A400128911461846FCF76DF96F4B1C896E4BC4
:10C7B400DB689B899BB21846FBF7A5F9034603F097
:10C7C4000303002B01D0012300E0002323449AB289
:10C7D400634B1A80624B1B881A46624B1B681A44CF
:10C7E400FB6ADB685B689A4206D0604B40F2AE524B
:10C7F4005F49604805F0B4FA7B68FA6A1A67584BD7
:10C804001B881A46574B1B681A447B685A627B681C
:10C814001A8D534B1B889A4206D2544B40F2B9529C
:10C824005549544805F09CFA7B681A8D4C4B1B887B
:10C83400D31A9AB27B681A857868FDF7F5F84A4BE3
:10C844005B681B89002B06D0474B5B684B4A13601F
:10C85400454B00225A60444BDB689B899BB21846C7
:10C86400FBF751F9034603F00103002B00F0B480F9
:10C87400434B1B7843F02003DAB2414B1A70ABE010
:10C884007B681B6FFB607B681B6FDB685B68354AEA
:10C894001360FB681B891C46FB68DB689B899BB2A1
:10C8A4001846FBF730F9034603F00303002B01D0CD
:10C8B400012300E000231A197B685B6A1A447B6831
:10C8C4005A627B681B8D1C46FB681B891D46FB68EE
:10C8D400DB689B899BB21846FBF715F9034603F006
:10C8E4000303002B01D0012300E000232B449C42CE
:10C8F40006D21E4B40F2DD5222491E4805F030FAA2
:10C90400FB681B891C46FB68DB689B899BB2184645
:10C91400FBF7F9F8034603F00303002B01D00123CE
:10C9240000E0002319197B681A8D8BB2D31A9AB2CE
:10C934007B681A857868FDF777F8FB685B681B8964
:10C94400002B28D00D4B1B68002B1DD00B4B1A68F5
:10C95400FB685B6819461046FCF7D4FA18E000BF80
:10C964009A8A0020908A0020708A002014370108D7
:10C97400183A010858370108543A0108A08A0020DF
:10C984009D8A0020743A0108FB685B68714A136051
:10C99400FB6800225A60FB68DB689B899BB21846DF
:10C9A400FBF7B1F8034603F00103002B0DD06A4BEB
:10C9B4001B7843F02003DAB2674B1A707B681B7D47
:10C9C400042B02D17B6807221A75FB681A687B68FE
:10C9D4001A67F868FDF7B8FC7B681B6F002B08D05A
:10C9E4007B681B6FDB685A687B685B6A9A423FF41A
:10C9F40047AF7B689B7E03F00103002B0ED07B685E
:10CA04009B7E23F00103DAB27B689A767B689B7E77
:10CA140043F00203DAB27B689A7681E17B689B7EFD
:10CA240043F00103DAB27B689A7679E1786801F021
:10CA3400C3F87B681B6F002B06D14848FDF7AAFC9E
:10CA440002467B681A676BE10023BB627B681B6F3D
:10CA5400FB6250E1FB6ADB685A68414B1B689A42EF
:10CA64001DD13E4B1A89FB6A1B899A4240F24881C8
:10CA74003A48FDF78FFCF860FB68002B00F0428118
:10CA8400BB6A002B03D0BB6AFA681A6002E07B68B9
:10CA9400FA681A67F96AF868FFF7FEF832E1BB6AC8
:10CAA400002B17D12E4B1A68FB6ADB685B68D31A1C
:10CAB400002B57DA2948FDF76DFCF860FB68002B62
:10CAC40000F022817B68FA681A67F96AF868FFF750
:10CAD400E3F819E1224B1A68BB6ADB685B68D31A76
:10CAE400013B002B3EDB1E4B1A68FB6ADB685B686C
:10CAF400D31A0133002B35DC1848FDF74BFCF860E2
:10CB0400FB68002B00F00281BB6ADB685B68BA6AD1
:10CB140012891A44124B1B68D31A002B12DD104BD6
:10CB24001B689AB2BB6ADB685B689BB2D31A9AB281
:10CB3400BB6A1A81BB6A5A68BB6A1B8919461046CC
:10CB4400FBF7A0FFBB6AFA681A60F96AF868FFF796
:10CB5400A3F8DBE0A08A00209D8A0020708A0020D0
:10CB6400908A0020FB6A1B68002B40F0BF807C4B3E
:10CB74001A68FB6ADB685B68D31A002B40F3B68043
:10CB8400FB6ADB689B899BB21846FAF7BCFF034635
:10CB940003F00103002B40F0BB807248FDF7FAFB61
:10CBA4000246FB6A1A60FB6A1B68002B00F0B28025
:10CBB400FB6ADB685B68FA6A12891A44684B1B6873
:10CBC400D31A002B12DD664B1B689AB2FB6ADB6832
:10CBD4005B689BB2D31A9AB2FB6A1A81FB6A5A68E1
:10CBE400FB6A1B8919461046FBF74CFF5E4B1B88FA
:10CBF4001A465B4B1B681A447B685B6A7968098D2B
:10CC04000B44D31A002B40F38580FB6A1B68DB6856
:10CC14009B899BB21846FAF776FF034603F001039B
:10CC2400002B1ED0FB6A1B68DB689B899BB223F434
:10CC34007C539CB2FB6A1B68DB689B899BB21846D9
:10CC4400FAF761FF034603F03E039BB21846FAF776
:10CC54005AFF03461A46FB6A1B68DB68224392B2FA
:10CC64009A817B685B6A9AB27B681B8D134499B284
:10CC74003B4B1B689AB2FB6A1B688A1A92B21A81F0
:10CC8400FB6A1B685A68FB6A1B681B8919461046B5
:10CC9400FBF7F8FEFB6A1B681C89FB6A1B68DB68F0
:10CCA4009B899BB21846FAF72EFF034603F0030351
:10CCB400002B01D0012300E0002323449AB22A4B25
:10CCC4001A80294B1B881A46254B1B681A447B681B
:10CCD4005B6A7968098D0B449A421BD0234B40F25E
:10CCE4007A622349234805F03BF813E0FB6ABB62F0
:10CCF400FB6A1B68FB62FB6A002B7FF4ABAE0FE0A0
:10CD040000BF0DE000BF0BE000BF09E000BF07E07B
:10CD140000BF05E000BF03E0786800F04DFF1AE0B3
:10CD240019E00F4B1A687B685B6AD31A002B0ADB85
:10CD34000B4B1A687B685B6A7968098D0B44D31ABC
:10CD44000133002B07DD7B689B7E43F00203DAB2DC
:10CD54007B689A76FFE700BF3437BD46F0BD00BF5D
:10CD6400908A0020708A00209A8A002014370108D3
:10CD7400E03901085837010880B483B000AF174B7D
:10CD84001B68002B05D0164B1A88164B1B889A4239
:10CD94000ED2154B1B6814333B60114B1B885A1C75
:10CDA40091B20F4A11801A463B6813441B7810E075
:10CDB4000B4B1B885A1C91B2094A1180DAB2094BF9
:10CDC4001B88DBB2D31AFB71044B1A68FB7913443A
:10CDD4001B7818460C37BD4680BC7047888A0020F3
:10CDE4008C8A0020868A0020808A002080B584B046
:10CDF40000AF78602E4B1B88002B55D02D4B0022A2
:10CE04001A8045E0FFF7B8FF0346FB73FB7B022B58
:10CE140006D0022B2BDC002B41D0012B27D137E08D
:10CE2400FFF7AAFF0346042B3BD1224B1B88013397
:10CE34001F4A1288934234DAFFF79EFF03469BB2DF
:10CE44001B02BB81FFF798FF03469AB2BB891343C9
:10CE5400BB81BB89B3F5067F04D8BB89002B01D005
:10CE6400BA8901E04FF406727B685A8610E0FFF736
:10CE740083FF0346FB72FB7A012B14D9FB7A9AB227
:10CE84000C4B1B8813449BB2023B9AB2094B1A8089
:10CE9400084B1A88064B1B889A42B3D304E000BFA0
:10CEA40002E000BF00E000BF1037BD4680BD00BFF8
:10CEB400848A00208C8A002080B400AF054B1B7844
:10CEC40043F01003DAB2034B1A7000BFBD4680BCB6
:10CED400704700BF9D8A002080B586B000AFF8601F
:10CEE4007B600B467B8113463B817A893B891344E3
:10CEF4009BB214339BB2002219460120FBF7BEFB00
:10CF040078617B69002B56D07B8913337A69528907
:10CF1400934205DB2A4B72222A492B4804F020FF56
:10CF24007B695B683B61FB68DB8A1846FAF7EBFDBB
:10CF340003461A463B691A80FB681B8B1846FAF7AE
:10CF4400E2FD03461A463B695A803B697A685A6097
:10CF5400FB685B6A1846FAF7E3FD02463B699A6090
:10CF64007B899B089BB205339BB21B039BB243F0A6
:10CF740010039BB21846FAF7C6FD03461A463B69EE
:10CF84009A81FB685B8D1846FAF7BDFD03461A4685
:10CF94003B69DA813B6900221A7400225A743B69A6
:10CFA40000229A740022DA74FB685B6AFA68528D74
:10CFB4001A44FB68DA627B6918461837BD4680BD9F
:10CFC4009C3A0108D03A0108003B010890B585B0AD
:10CFD40000AF78607B689B6E002B2DD07B689B6EC6
:10CFE400FB6002E0FB681B68FB60FB681B68002BAE
:10CFF400F8D1FB68DB689B899BB21846FAF783FD7E
:10D00400034603F00703002B16D1FB68DB689B89FA
:10D014009CB20120FAF777FD03461A46FB68DB68E9
:10D02400224392B29A817B689B7E43F02003DAB25A
:10D034007B689A76002304E00121786800F0C0FC44
:10D04400034618461437BD4690BD000090B587B01E
:10D0540000AFF860B9603B601346FB7197F8283065
:10D064009B00DBB203F00403FB750320FBF7F4F829
:10D0740038613B69002B04D1B868FBF777FE0023C5
:10D0840061E03B6997F828209A723B6900221A6094
:10D094003B69BA685A60BB681A89FB7D9BB29A42A5
:10D0A40005D22B4BBA222B492B4804F059FEBB68FE
:10D0B4001A89FB7D9BB2D31A9AB23B691A81142157
:10D0C400B868FBF72FFE0346002B04D03869FDF740
:10D0D4003BF9002337E03B695B685A683B69DA60D7
:10D0E400FB68DA8A3B69DC681046FAF70CFD0346F4
:10D0F4002380FB681A8B3B69DC681046FAF703FD52
:10D10400034663803B69DC683868FAF709FD034627
:10D114006360FB7D9B08DBB29BB205339BB21B03B0
:10D124009AB2FB799BB213439AB23B69DC6810460E
:10D13400FAF7E9FC0346A3813B69DB6800229A7491
:10D144000022DA743B6918461C37BD4690BD00BF07
:10D154009C3A0108283B0108003B010880B586B0D1
:10D1640000AF7B600346FB730B46BB8113467B8198
:10D17400BB89FB82BA897B899A4221D297F82430F1
:10D1840003F00203002B11D13B6A9B7E03F04003A2
:10D19400002B15D197F82830002B07D03B6A9B6EE3
:10D1A400002B03D13B6ADB6E002B09D0BB8903F251
:10D1B4001B2323F003027B89934228BF1346FB827F
:10D1C400F98AFB7B00221846FBF758FA38613B6961
:10D1D400002B01D1002319E03B691B68002B06D00A
:10D1E4000C4B4FF488720C490C4804F0B9FD3B69B0
:10D1F4005A89BB89D31A9AB27B681A803B69BA8967
:10D204001A813B691A893B695A813B691846183768
:10D21400BD4680BD9C3A0108403B0108003B010823
:10D2240080B582B000AF78600B467B807B681B7D45
:10D23400042B0ED07B681B7D072B0AD07B681B7DDB
:10D24400022B06D07B681B7D032B02D06FF00A03F0
:10D254004FE07B88002B01D100234AE07B68B3F8C0
:10D2640060307A889A4209D97B689B7E63F07F0399
:10D27400DAB27B689A764FF0FF333AE07B68B3F812
:10D284006230082B06D87B68B3F862304FF6FC7224
:10D29400934209D97B689B7E63F07F03DAB27B6893
:10D2A4009A764FF0FF3324E07B68B3F86230002BAA
:10D2B4000FD07B68DB6E002B1AD17B689B6E002B32
:10D2C40016D10E4B40F255120D490E4804F048FD9C
:10D2D4000EE07B68DB6E002B03D17B689B6E002B1A
:10D2E40006D0064B4FF4AC720749064804F038FDEB
:10D2F400002318460837BD4680BD00BF9C3A01088C
:10D30400543B0108003B0108903B010890B59BB0D9
:10D3140004AFF860B96011461A460B46FB80134609
:10D324007B7100237B6500233B650023FB640023A2
:10D33400BB6400237B640023A7F84230002387F8F2
:10D344002730002387F8263000237B820023FB87C5
:10D354000023BB87FB68B3F85E305B089AB2FB68B6
:10D364005B8E934228BF1346BB84BB8C002B02D137
:10D37400FB685B8E00E0BB8CBB84BB68002B09D1CF
:10D38400924B40F291129249924804F0E9FC6FF0FA
:10D394000F030AE3FB881946F868FFF741FF0346C9
:10D3A40087F8233097F92330002B02D097F92330E4
:10D3B400FBE2FB68B3F86230A7F84030FB689B6E71
:10D3C400002B00F0F480FB689B6E3B6502E03B6D34
:10D3D4001B683B653B6D1B68002BF8D13B6D9B7A4A
:10D3E4009B009BB203F004033B84BA8C3B6D1B8906
:10D3F40019463B8C0B449A4206DA744B40F2C7122E
:10D404007549744804F0ACFC3B6D1A893B8C134499
:10D414009BB2BA8CD31A7B87FB68B3F864307B82E7
:10D424007B8A002B26D07B8A7A8F9A4206D2674B5E
:10D4340040F2D9126949674804F092FC3B6DFB64E1
:10D444007B8AFA88934228BF13469BB27A8F934211
:10D4540028BF1346FB87B7F84220FB8F1344A7F875
:10D4640042307A8AFB8FD31A9BB27B827A8FFB8FEE
:10D47400D31A7B877B8A002B0BD0B7F84220FB881A
:10D484009A4206D0514B40F2E1125549514804F0FA
:10D4940067FCB7F84220FB889A4280F069817B8F51
:10D4A400002B00F065813B6D1B89002B00F060812F
:10D4B400FA88B7F84230D21A7B8F9342A8BF13463A
:10D4C400FB833B6DFB647B7903F00103002B27D0C6
:10D4D40007F112007A8FF98B012302937B79019370
:10D4E400FB68009303460420FFF738FE78657B6DE4
:10D4F400002B00F028827B6D5868B7F84230BA6878
:10D504001344FA8B194604F027FD786DFBF7C2FC2F
:10D5140003461A46B7F840301344A7F840303FE0BA
:10D524003B6D5B687B6302E07B6B1B687B637B6B9F
:10D534001B68002BF8D17B6B1B7B012B15D17B6BFC
:10D544005B687A6B52891344BA689A420DD1B7F872
:10D554004230002B06D01D4B4FF4037221491D4865
:10D5640004F0FEFBFB8BBB871AE0FB8B0122194600
:10D574000420FBF783F878657B6D002B00F0E581D0
:10D58400B7F84230BA681A447B6D5A60786DFBF77D
:10D5940081FC03461A46B7F840301344A7F84030DC
:10D5A400B7F84220FB8B1344A7F84230E0E0FB6855
:10D5B400B3F86430002B00F0DB80044B4FF40972A5
:10D5C4000949044804F0CCFBD2E000BF9C3A0108AE
:10D5D400C43B0108003B0108F83B0108103C01086A
:10D5E400303C0108503C01087C3C0108FA88B7F83B
:10D5F4004230D31ABB8397F827309BB2BA8CD31A24
:10D604007B837A8BBB8B934228BF13463B837B7906
:10D6140003F00103002B36D097F827309AB23B8BE6
:10D62400134499B27B6C002B0CBF01230023DBB2A3
:10D6340007F11200BA8C02937B790193FB68009383
:10D6440003460020FFF78AFD38633B6B002B00F094
:10D654007E813B6B5B893A8B9A4206D98F4B4FF4A0
:10D6640010728F498F4804F07BFB3B6B5A6897F824
:10D674002730D018B7F84230BA6813443A8B1946A9
:10D6840004F06AFC2EE07B8A002B06D0834B40F228
:10D694004B228549834804F063FB3B8B01221946E6
:10D6A4000020FAF7EBFF78617B69002B00F05181D1
:10D6B400B7F84230BA681A447B695A6097F8273041
:10D6C4009BB2002219460020FAF7D8FF38633B6B5F
:10D6D400002B03D17869FBF749FB3DE17969386B8D
:10D6E400FBF710FC386BFBF7D5FB03461A46B7F87B
:10D6F40040301344A7F84030B7F84030092B05D820
:10D70400B7F840304FF6FC72934203D9386BFBF7FD
:10D714002DFB21E1FB689A6DB7F842301A4497F863
:10D724002630009313460022396BF868FFF78EFC0D
:10D73400F864FB6C002B00F00E817B6C002B02D193
:10D74400FB6C7B640CE0BB6C002B06D1534B40F2AA
:10D7540085225649534804F003FBBB6CFA6C1A60EB
:10D76400FB6CBB64B7F842203B8B1344A7F84230F0
:10D77400B7F84220FB889A42FFF438AFFB8F002BA6
:10D784002CD03B6D5B68FB621EE0FB6A1A89FB8F41
:10D7940013449AB2FB6A1A81FB6A1B68002B10D1EE
:10D7A400FB6A5B68FA6A52891344FA8FB9681846AF
:10D7B40004F0D2FBFB6A5A89FB8F13449AB2FB6ACA
:10D7C4005A81FB6A1B68FB62FB6A002BDDD13B6D4F
:10D7D4001A89FB8F13449AB23B6D1A817A8AFB68CB
:10D7E400A3F864207B6D002B18D03B6D002B06D171
:10D7F4002A4B40F2BA222E492A4804F0B1FA3B6D72
:10D804005B68796D1846FBF77DFB3B6D1A897B6D70
:10D814001B8913449AB23B6D1A8137E0BB8F002BEE
:10D8240034D03B6D002B03D03B6D5B68002B06D1DD
:10D834001A4B4FF430721F491A4804F091FA3B6DA9
:10D844005B68BB6209E0BB6A1A89BB8F13449AB256
:10D85400BB6A1A81BB6A1B68BB62BB6A1B68002B6C
:10D86400F1D1BB6A1A89BB8F13449AB2BB6A1A817D
:10D87400BB6A5A89BB8F13449AB2BB6A5A813B6D07
:10D884001A89BB8F13449AB23B6D1A813B6D002BEE
:10D8940012D1FB687A6C9A6611E000BF9C3A0108C9
:10D8A400AC3C0108003B0108EC3C0108FC3C0108CD
:10D8B400103D0108483D01083B6D7A6C1A60FB6815
:10D8C4009A6DFB881A44FB689A65FB68B3F860207C
:10D8D400FB88D31A9AB2FB68A3F86020FB68B7F8F8
:10D8E4004020A3F86220FB68B3F86230002B0ED00E
:10D8F400FB68DB6E002B0AD1FB689B6E002B06D104
:10D904002C4B4FF43B722C492C4804F029FAFB6C45
:10D91400002B16D0FB6CDB68002B12D07B7903F054
:10D924000203002B0DD1FB6CDB689B899CB20820A1
:10D93400FAF7E9F803461A46FB6CDB68224392B215
:10D944009A81002331E000BF06E000BF04E000BF7D
:10D9540002E000BF00E000BFFB689B7E63F07F0332
:10D96400DAB2FB689A767B6D002B02D0786DFBF7F8
:10D97400FDF97B6C002B02D0786CFCF7D0FCFB68C3
:10D98400B3F86230002B0ED0FB68DB6E002B0AD19B
:10D99400FB689B6E002B06D1064B40F20132064910
:10D9A400064804F0DDF94FF0FF3318465C37BD46F6
:10D9B40090BD00BF9C3A0108803D0108003B01086E
:10D9C40080B58AB002AF78600B46FB700023FB770A
:10D9D4000023FB75FB7803F00303002B06D16F4B88
:10D9E40040F21A326E496F4804F0BAF97B68B3F812
:10D9F4006230082B06D87B68B3F862304FF6FC72AD
:10DA040093420ED9FB7803F00103002B09D17B6804
:10DA14009B7E63F07F03DAB27B689A764FF0FF3324
:10DA2400B7E0FB7803F00203002B01D00123FB775E
:10DA3400FB7F9B00DBB203F00403FB75FB7D9BB211
:10DA4400002219460020FAF719FE38613B69002BC1
:10DA540009D17B689B7E63F07F03DAB27B689A7698
:10DA64004FF0FF3395E03B695A89FB7D9BB29A42A4
:10DA740006D24A4B4FF450724B494A4804F070F9AD
:10DA84007B68996DFA78FB7F00930B463969786857
:10DA9400FFF7DCFAF860FB68002B09D17B689B7EFA
:10DAA40063F07F03DAB27B689A764FF0FF3370E05D
:10DAB400FB68DB6803F00303002B06D0374B40F20E
:10DAC40049323A49374804F04BF9FB681B89002B6B
:10DAD40006D0324B40F24A323549324804F040F91C
:10DAE4007B689B6E002B03D17B68FA689A660DE015
:10DAF4007B689B6EBB6102E0BB691B68BB61BB6951
:10DB04001B68002BF8D1BB69FA681A607B68002295
:10DB1400A3F86420FB7803F00203002B04D1FB7804
:10DB240003F00103002B04D07B689B6D5A1C7B68B7
:10DB34009A65FB7803F00103002B06D07B689B7E7B
:10DB440043F02003DAB27B689A76FB685B68184678
:10DB5400FBF7A0F903461A467B68B3F86230134416
:10DB64009AB27B68A3F862207B68B3F86230002B1A
:10DB74000ED07B68DB6E002B0AD17B689B6E002B7A
:10DB840006D1064B4FF45B720A49064804F0E8F8E4
:10DB9400002318462037BD4680BD00BF9C3A0108CB
:10DBA400A03D0108003B0108F83D0108343E01088E
:10DBB4004C3E0108783E010890B58BB004AF786004
:10DBC4000023BB75BB7D9CB27B68DB6C1846F9F700
:10DBD400A7FF0346002221467868FFF77DF93861E4
:10DBE4003B69002B09D17B689B7E43F00303DAB2C7
:10DBF4007B689A766FF0010336E07B68043318463D
:10DC040002F04EF8F860FB68002B02D1FC23FB7590
:10DC140012E079687B68181D7B689C7A7B685B7A64
:10DC2400FA6802920622019200932346024638695A
:10DC340002F0E0F90346FB753869FBF797F897F9AA
:10DC44001730002B07D07B689B7E43F00303DAB2C6
:10DC54007B689A7606E07B689B7E23F00303DAB246
:10DC64007B689A7697F9173018461C37BD4690BDE5
:10DC7400B0B58AB000AF78607B681B7D012B06D1FC
:10DC8400994B4FF47B729949994804F069F8994B80
:10DC94001B687A689A4201D10023CBE17B68B3F810
:10DCA40048207B68B3F85C30934228BF13469BB28C
:10DCB400BB617B689B6E7B627B689B7E03F0020387
:10DCC400002B17D07B6A002B0FD07B6ADB685B6864
:10DCD4001846F9F725FF02467B685B6CD31A7A6A0B
:10DCE40012891344BA699A4204D27868FFF764FF30
:10DCF40003469FE17B68DB6E3B623B6A002B07D0E7
:10DD040002E03B6A1B683B623B6A1B68002BF8D14C
:10DD14007B680433184601F0C3FF78617B69002BEC
:10DD240002D16FF0030385E17B68002B03D07B688D
:10DD34001B68002B11D17B69002B02D07B69043353
:10DD440000E000233B613B69002B02D16FF0030329
:10DD540070E13B691A687B681A607B6A002B00F0EB
:10DD64003F817B6ADB685B681846F9F7D9FE024697
:10DD74007B685B6CD31A7A6A12891344BA699A4233
:10DD840080F02E81BB69002B00F02A817B68B3F8F8
:10DD94005C301A46BB69934240F022817B68DB6E9B
:10DDA400002B40F01D817B6893F89530002B40F0E8
:10DDB4002C817B68002283F894207B68012283F8FD
:10DDC400952022E17B6ADB689B899BB21846F9F7B0
:10DDD4009AFE034603F00403002B06D0424B40F2A4
:10DDE40045424549424803F0BBFF7B68DB6E002B8C
:10DDF4001FD07B689B7E03F04403002B19D17B6802
:10DE04009B6E002B0BD07B689B6E1B68002B10D184
:10DE14007B689B6E1A897B685B8E9A4209D27B6809
:10DE2400B3F86030002B04D07B68B3F86230082B61
:10DE340001D9012300E00023002B06D17B689B7EDF
:10DE440003F0A003002B00F0E2807B681B7D022B13
:10DE54000DD07B6ADB689B899CB21020F9F753FED6
:10DE640003461A467B6ADB68224392B29A817A6936
:10DE74007968786A00F0E2F80346FB7397F90F308B
:10DE8400002B09D07B689B7E63F07F03DAB27B684A
:10DE94009A7697F90F30CDE07B6A1A687B689A66A8
:10DEA4007B681B7D022B06D07B689B7E23F00303DB
:10DEB400DAB27B689A767B6ADB685B681846F9F7A6
:10DEC4002FFE04467B6A1B891D467B6ADB689B899F
:10DED4009BB21846F9F717FE034603F00303002B21
:10DEE4000CD001230BE000BF9C3A0108A03E0108BE
:10DEF400003B0108A48A0020C83E010800232B44EB
:10DF04002344BB607B68DA6CBB68D31A002B02DA4B
:10DF14007B68BA68DA647B6A1B891C467B6ADB68A7
:10DF24009B899BB21846F9F7EEFD034603F0030301
:10DF3400002B01D0012300E000232344002B49D00F
:10DF44007B6A00221A607B68DB6E002B05D17B683C
:10DF54007A6ADA667B6A3B623FE07B6ADB685B680D
:10DF64001846F9F7DDFD04463B6ADB685B68184632
:10DF7400F9F7D6FD0346E31A002B24DA7B686C33E9
:10DF8400FB6102E0FB691B68FB61FB691B68002BFA
:10DF940011D0FB691B68DB685B681846F9F7C0FDA4
:10DFA40004467B6ADB685B681846F9F7B9FD0346EB
:10DFB400E31A002BE6DBFB691A687B6A1A60FB69CB
:10DFC4007A6A1A6009E03B6A7A6A1A603B6A1B68DB
:10DFD4003B6202E0786AFCF7B7F97B689B6E7B6270
:10DFE4007B6A002B15D07B6ADB685B681846F9F7FF
:10DFF40097FD02467B685B6CD31A7A6A12891344D4
:10E00400BA699A42BFF4DEAE03E000BF02E000BF8B
:10E0140000E000BF7B689B6E002B03D17B6800226D
:10E02400A3F864207B689B7E03F07F03DAB27B68ED
:10E034009A76002318462837BD46B0BDB0B58CB0DB
:10E0440004AFF860B9607A60FB685B68DB89012B18
:10E0540001D000238AE0BB685A6AFB68DC6810467A
:10E06400F9F75EFD0346A360BB685A8DFB68DC6864
:10E074001046F9F748FD0346E381BB685B6ABA685A
:10E08400528D1A44BB68DA62FB68DB681433FB61A7
:10E09400FB689B7A03F00103002B14D0BB680433A4
:10E0A40019464FF40670FCF77BFC03467B837B8B9D
:10E0B40043F001731846F9F733FD0246FB691A6011
:10E0C400FB690433FB61BB68B3F93030002B02DA1F
:10E0D400BB6800221A86BB685B6B002B0CD1254BF6
:10E0E4001A68BB685A63FB68DB685B681846F9F713
:10E0F40017FD0246BB689A63FB68DA68FB685B68D5
:10E104005B68D31A3B83FB685B685989FB685B686F
:10E114003A8B8A1A92B25A81FB685B681989FB6848
:10E124005B683A8B8A1A92B21A81FB685B68FA6858
:10E13400D2685A60FB68DB6800221A7400225A74A1
:10E14400FB685868B968BB681C1DBB689D7ABB68CE
:10E154005B7A7A6802920622019200932B46224649
:10E1640001F048FF0346FB7597F91730184620372E
:10E17400BD46B0BD588A002080B58CB004AFF860AD
:10E18400B9607A603B60002214210120FAF776FA24
:10E19400F861FB69002B5BD0FB695B89132B06D804
:10E1A4002D4B40F24C522D492D4803F0D9FDFB690B
:10E1B4005B68BB613B8D1846F9F7A5FC03461A461C
:10E1C400BB691A80BB8D1846F9F79DFC03461A46B5
:10E1D400BB695A80F868F9F7A3FC0246BB695A6028
:10E1E400B868F9F79DFC0246BB699A6045F21400D1
:10E1F400F9F789FC03461A46BB699A81BB69002278
:10E2040042F008029A73002242F06002DA73BB699A
:10E2140000221A7400225A74BB6900229A740022E4
:10E22400DA74386801F03CFD78617B69002B0BD00F
:10E234007B6902930623019300230093FF233A682A
:10E244007968F86901F0D6FEF869FAF78FFD00E005
:10E2540000BF2037BD4680BD9C3A0108D03A010872
:10E26400003B010880B584B000AF78607B68DB6E4A
:10E27400002B29D07B68DB6EFB6002E0FB681B6827
:10E28400FB60FB681B68002BF8D17B689A6EFB6807
:10E294001A607B68DA6E7B689A667B680022DA66AD
:10E2A4007B6893F84230FF2B07D07B6893F84230A9
:10E2B4000133DAB27B6883F842207B6800225A6318
:10E2C4007868FFF7D5FC00E000BF1037BD4680BD7D
:10E2D40090B585B000AF78607B68DB6E002B43D0CF
:10E2E4007B68DB6EBB60BB681A687B68DA667B6838
:10E2F4006833FB6002E0FB681B68FB60FB681B681B
:10E30400002B11D0FB681B68DB685B681846F9F7C3
:10E3140007FC0446BB68DB685B681846F9F700FC39
:10E324000346E31A002BE6DBFB681A68BB681A6035
:10E33400FB68BA681A60BB681B68002B03D17B6852
:10E344000022A3F864207B6893F84230FF2B07D0A7
:10E354007B6893F842300133DAB27B6883F8422059
:10E364007B6800225A6300E000BF1437BD4690BDAD
:10E3740080B582B000AF78607B68DB6E002B41D043
:10E384007B689B7E03F00403002B3BD17868FFF786
:10E394009FFF7B68B3F85C207B68B3F848309342F6
:10E3A40028BF13469BB2DA0F13445B109AB27B6802
:10E3B400A3F84A207B68B3F84A301A467B685B8E20
:10E3C4005B009A4206D27B685B8E5B009AB27B68E4
:10E3D400A3F84A207B68B3F84A207B685B8E194611
:10E3E40049000B449BB213449AB27B68A3F84820BB
:10E3F4007B689B7E43F00403DAB27B689A767B6881
:10E4040000221A8600BF0837BD4680BD80B58AB099
:10E4140004AF78607B68DB6C013B1846F9F780FB3E
:10E424000346002200217868FEF756FD38613B69F7
:10E43400002B02D14FF0FF3321E07B6804331846F0
:10E4440001F02EFCF860FB68002B02D1FC23FB7565
:10E4540010E079687B681A1D7B68987AFB680293E0
:10E4640006230193002300930346386901F0C2FD9B
:10E474000346FB753869FAF779FC97F917301846A3
:10E484001837BD4680BD90B58FB004AF78607B6807
:10E49400DB6E3B623B6A002B02D17B689B6E3B6266
:10E4A4003B6A002B01D1002385E03B6ADB689B8932
:10E4B4009BB21846F9F727FB034603F00103002B30
:10E4C40005D03B6A1B89002B01D1012300E0002306
:10E4D400FB77FB7F002B0CBF01230023DBB2BB8344
:10E4E4003B6ADB685B68BA8B00217868FEF7F4FC52
:10E4F400B861BB69002B02D14FF0FF335BE0BB690D
:10E504005B687B61FB7F002B0ED07B699B899BB290
:10E5140023F47C539CB21120F9F7F5FA0346234304
:10E524009AB27B699A8110E0BB695B6814333B61E2
:10E534003B6A58683B6A5B681A893B6A1B89D31A31
:10E544009BB201223969FAF70FFE3B6ADB685B680C
:10E554001846F9F7E5FA03460133FB607B68DA6C89
:10E56400FB68D31A002B02DA7B68FA68DA647B68EA
:10E574000433184601F094FBB860BB68002B03D148
:10E58400FC2387F8273011E079687B681A1D7B68C3
:10E59400987ABB68029306230193002300930346F1
:10E5A400B86901F027FD034687F82730B869FAF700
:10E5B400DDFB97F9273018462C37BD4690BD000087
:10E5C40080B582B000AF7860FAF74EFE0A4B1B6844
:10E5D400002B03D1094B1B68002B05D000220849EE
:10E5E400FA2000F06FF803E0064B00221A6000BF27
:10E5F40000BF0837BD4680BD648A0020688A0020B9
:10E60400C5E50008B08A002080B500AF0A4B1B683E
:10E61400002B0FD1094B1B68002B03D1084B1B683F
:10E62400002B07D0044B01221A6000220549FA206E
:10E6340000F048F800BF80BDB08A0020648A002042
:10E64400688A0020C5E5000880B584B000AF786012
:10E654007B68FB60FB685B689847FB681B687A68AB
:10E664000349184600F02EF800BF1037BD4680BDA0
:10E674004DE6000880B582B000AF01237B600EE058
:10E684000D4A7B6852F833007B68DB000A4A134466
:10E694001A460A4900F016F87B6801337B607B68F0
:10E6A400022BEDD9F7F7FAFD0346054A136000BFC4
:10E6B4000837BD4680BD00BFA44701084DE60008E9
:10E6C400AC8A002080B588B000AFF860B9607A6089
:10E6D4000620F9F7C1FD78617B69002B0AD17B69BB
:10E6E400002B40F08480444BD4224449444803F036
:10E6F40037FB7CE0F7F7D2FD3861424B1B68002BF7
:10E7040005D10023BB61404A3B69136004E03E4BE2
:10E714001B683A69D31ABB617B6900221A607B6962
:10E72400BA689A607B697A68DA60FA68BB691A44E5
:10E734007B695A60334B1B68002B03D1314A7B69D8
:10E74400136055E02F4B1B685B68FA689A420FD23E
:10E754002C4B1B6859682B4B1B68FA688A1A5A6041
:10E76400284B1A687B691A60264A7B6913603FE06C
:10E77400244B1B68FB6136E07B695A68FB695B6864
:10E78400D21A7B695A60FB691B68002B06D0FB69AF
:10E794001B685A687B695B689A4221D9FB691B68CC
:10E7A400002B09D0FB691B6859687B695A68FB69AF
:10E7B4001B688A1A5A600BE07B695B68FA689A42A4
:10E7C40006D2104B1B685A68FB681A447B695A606E
:10E7D400FB691A687B691A60FB697A691A6007E049
:10E7E400FB691B68FB61FB69002BC5D100E000BF1E
:10E7F4002037BD4680BD00BFE03E0108143F01083C
:10E80400543F0108A88A0020AC8A002080B586B055
:10E8140000AF244B1B68002B40D0F7F73FFDF86096
:10E82400214B1B68FA68D31A7B61204B1B78DBB23F
:10E83400002B01D0F9F7F2FE0023FB74194B1B687F
:10E84400BB60BB68002B26D0BB685B687A699A42C0
:10E8540021D30123FB74BB685A68134B1B68134410
:10E86400114A1360BB685B687A69D31A7B61BB6821
:10E874001B680C4A1360BB689B687B60BB68DB68E1
:10E884003B60B9680620F9F733FD7B68002B02D0A2
:10E894007B6838689847FB7C002BC6D100BF1837CB
:10E8A400BD4680BDA88A0020AC8A0020558A00207D
:10E8B40080B400AF00BFBD4680BC704780B485B053
:10E8C40000AFF860B9601346FB71FB79002B18D0D8
:10E8D400FB68002B13D0FB681B68002B0FD0134B75
:10E8E4005B69B3F1FF3F0AD0FB681A680F4B5B69A1
:10E8F4005A40BB6808331B681340002B10D1012316
:10E904000FE0FB68002B09D0FB681B68002B05D0C7
:10E91400FB681A68054B5B699A4201D1012300E048
:10E92400002318461437BD4680BC70473C33002092
:10E9340090B58DB002AF786039600023FB767B68B8
:10E944005B89072B03D87868FAF710FAC6E07B686E
:10E954005B687B61634B5B69624A126811461846C7
:10E9640001F01AFC0346FB747B691B889BB21846B2
:10E97400F9F7C9F803463B827B695B889BB218466A
:10E98400F9F7C1F80346FB8100237B6200233B6255
:10E994000023FB61544B1B687B623BE07B6A5B8A10
:10E9A400FA899A4231D1FB7C1A463968786AFFF7B2
:10E9B40085FF0346002B28D07B6A1B7C03F00403ED
:10E9C400002B04D1FB69002B01D17B6AFB617B6ABC
:10E9D4009B8A3A8A9A4218D17B6A5B68002B05D0DD
:10E9E4007B6A5A683F4B1B699A420ED13B6A002BE3
:10E9F40014D07B6ADA683B6ADA603B4B1A687B6A3C
:10EA0400DA60394A7B6A136008E07B6A3B627B6A9E
:10EA1400DB687B627B6A002BC0D100E000BF7B6AAD
:10EA2400002B01D1FB697B627B6A002B02D001239E
:10EA3400FB760AE03B6804331A682A4B5B699A4206
:10EA44000CBF01230023DBB2FB76FB7E002B42D0FC
:10EA54006FF007017868FAF765F90346002B0AD0CE
:10EA6400224B40F255122249224803F079F9786882
:10EA7400FAF77CF932E07B6A002B12D07B6A9B693F
:10EA8400002B0AD07B6A9C697B6AD8693B8A009315
:10EA9400194B7A68796AA04721E07868FAF766F931
:10EAA4001CE0FB7C002B12D10E4B5B6903F0F003DE
:10EAB400E02B0CD00B4B9B8908339BB21BB219463D
:10EAC4007868FAF741F90321786801F061F8786809
:10EAD400FAF74CF903E07868FAF748F900BF2C37E5
:10EAE400BD4690BD3C330020B48A00207C3F010821
:10EAF400AC3F0108C03F01084C33002080B485B00E
:10EB040000AF786039607B68002B1ED07B681B687F
:10EB1400002B1AD03B68002B17D03B681B68002BD6
:10EB240013D00C4B1B68FB600CE0FB681A687B6815
:10EB34001B689A4203D13B681A68FB681A60FB6839
:10EB4400DB68FB60FB68002BEFD100BF1437BD46C8
:10EB540080BC7047B48A002080B582B000AF786072
:10EB640015497A6813465B001344DB000B441B68A9
:10EB7400002B13D010497A6813465B001344DB0062
:10EB84000B441B681846FAF7F1F80B497A681346E8
:10EB94005B001344DB000B4400221A6006497A68C8
:10EBA40013465B001344DB000B44143300221A7039
:10EBB40000BF0837BD4680BDB88A002080B582B04A
:10EBC40000AF0023FB7196E0FA794F4913465B00CE
:10EBD4001344DB000B4414331B78BB71BB79002B4B
:10EBE40000F08680FA79484913465B001344DB0041
:10EBF4000B4412331B88013398B2434913465B001C
:10EC04001344DB000B44123302461A80FA793E495E
:10EC140013465B001344DB000B4412331B88B3F52B
:10EC2400967F15D2FA79384913465B001344DB000A
:10EC34000B4414331B78012B0FD1FA793249134654
:10EC44005B001344DB000B4412331B88042B04D9F0
:10EC5400FB791846FFF780FF4AE0FA792A49134600
:10EC64005B001344DB000B4414331B78032B0AD1E1
:10EC7400FA79254913465B001344DB000B44143333
:10EC840004221A7034E0FA791F4913465B001344D6
:10EC9400DB000B4414331B78042B0AD1FA791A498C
:10ECA40013465B001344DB000B44143302221A7036
:10ECB4001EE0FA79144913465B001344DB000B444D
:10ECC40014331B78012B13D1FA790F4913465B00D7
:10ECD4001344DB000B4408331868FA7913465B00CD
:10ECE4001344DB00084A13440433194600F038FE89
:10ECF400FB790133FB71FB79092B7FF665AF00BF0C
:10ED040000BF0837BD4680BDB88A002080B588B0F2
:10ED140000AFF8600B467A60FB720A23FB770A2384
:10ED2400BB770A237B7700233B770A23FB760023F8
:10ED34003B830023FB820023BB8200233B7793E0C9
:10ED44003A7F904913465B001344DB000B441433B1
:10ED54001B78FB7497F91D300A2B05D1FB7C002B23
:10ED640002D13B7F7B777CE0FB7C002B79D0FB7C62
:10ED7400012B09D0FB7C012B06D8834B40F22512D2
:10ED84008249834802F0ECFFFB68002B0FD0FB683C
:10ED940019683A7F7B4813465B001344DB00034445
:10EDA40004331B68994202D197F91C30E5E0FB7CDF
:10EDB400012B3BD13A7F734913465B001344DB00BC
:10EDC4000B441B68002B18D03A7F6E4913465B0036
:10EDD4001344DB000B4412331B883A8B9A4240D80D
:10EDE4003B7FFB763A7F674913465B001344DB00A5
:10EDF4000B4412331B883B8333E03A7F614913464B
:10EE04005B001344DB000B4412331B88FA8A9A42DA
:10EE140027D83B7FFB773A7F5A4913465B0013445C
:10EE2400DB000B4412331B88FB821AE0FB7C012BB2
:10EE340017D93A7F534913465B001344DB000B4454
:10EE440012331B88BA8A9A420BD83B7FBB773A7F2E
:10EE54004C4913465B001344DB000B4412331B88FC
:10EE6400BB823B7F01333B773B7F092B7FF668AF47
:10EE7400FB7A03F00203002B08D197F91D300A2B0B
:10EE840007D1FB7A03F00103002B02D14FF0FF33CB
:10EE940073E097F91D30092B02DC7B7F3B7736E06A
:10EEA40097F91E30092B13DCBB7F3B773A7F35493A
:10EEB40013465B001344DB000B441B68002B18D083
:10EEC400314B40F26F123349314802F049FF10E0F0
:10EED40097F91F30092B02DCFB7F3B7709E097F998
:10EEE4001B30092B02DCFB7E3B7702E04FF0FF3343
:10EEF40043E03B7F092B06D9234B40F2811226497C
:10EF0400234802F02DFF3B7F1846FFF725FE3B7F89
:10EF1400092B06D91C4B40F285121F491C4802F0EC
:10EF24001FFF3A7F174913465B001344DB000B4471
:10EF340014331B78002B06D0134B4FF4C3721749BC
:10EF4400134802F00DFFFB68002B0AD03A7FFB68E0
:10EF540019680C4813465B001344DB000344043374
:10EF640019603A7F074913465B001344DB000B44E6
:10EF7400123300221A8097F91C3018462037BD46F8
:10EF840080BD00BFB88A0020184001085040010825
:10EF940090400108B8400108D0400108E44001084D
:10EFA40080B588B002AFF860B9607A60FB70FB6826
:10EFB40093F82830062B06D0484B40F2AB12484950
:10EFC400484802F0CDFEBB68002B12D0BB681B681A
:10EFD400002B0ED0BB681B68F968184601F0DCF8FA
:10EFE4000346002B05D1BB681B6803F0F003E02B3C
:10EFF40002D16FF00F036CE0FB78FA681946B86829
:10F00400FFF784FE0346FB7597F91730002B02DAED
:10F0140097F917305DE097F91720334913465B00E1
:10F024001344DB000B44143302221A7097F917209F
:10F034002D4913465B001344DB000B440833FA6884
:10F044001A6097F9172013465B001344DB0008335A
:10F05400254A1344043306227968184602F07CFFDB
:10F0640097F91720204913465B001344DB000B4437
:10F07400123300221A8097F917201B4913465B00AC
:10F084001344DB000B441B68002B21D097F9172095
:10F09400154913465B001344DB000B441B683B61BA
:10F0A40097F91720104913465B001344DB000B4407
:10F0B40000221A60FB6803F129024FF400630093F5
:10F0C4007B683969F86801F099FF3869F9F74EFEF1
:10F0D400002318461837BD4680BD00BF18400108FC
:10F0E4001041010890400108B88A002080B584B01E
:10F0F40000AF78600023FB731FE0FA7B13491346CB
:10F104005B001344DB000B4414331B78BB73BB7BE1
:10F11400002B0FD0FA7B0D4913465B001344DB0030
:10F124000B4408331B687A689A4203D1FB7B184668
:10F13400FFF712FDFB7B0133FB73FB7B092BDCD94F
:10F1440000BF00BF1037BD4680BD00BFB88A002095
:10F15400B0B58AB004AF786039603B68002B07D142
:10F164003D4B4FF422723D493D4802F0F9FD6FE0FA
:10F174007B685B683B613B691B889BB2B3F5807F0E
:10F184000CD13B691B79062B08D13B695B79042BB5
:10F1940004D13B695B889BB2082B03D07868F9F7EC
:10F1A400E5FD55E03B690E331B68FB603B69183392
:10F1B4001B68BB603B6804331B68002B02D100232F
:10F1C400FB7509E0BA683B6804331B689A420CBFBC
:10F1D40001230023DBB2FB753B6903F10802FB7DCD
:10F1E400002B01D0012300E0022307F10C01386851
:10F1F400FFF7D6FE3B69DB889BB2B3F5807F03D073
:10F20400B3F5007F1ED020E0FB7D002B1CD03B68B3
:10F2140003F129003B6903F108043B6803F1290564
:10F224003B6804333A6908320221039107F10C0167
:10F234000291019200932B4622460146386800F061
:10F24400E1FA01E000BF00E000BF7868F9F78EFD45
:10F254001837BD46B0BD00BF184001086841010819
:10F264009040010880B586B002AFF860B9601346DB
:10F27400FB71FA79444913465B001344DB000B44E9
:10F2840014331B78012B06D8404B4FF43B72404992
:10F29400404802F065FDFA793B4913465B0013448C
:10F2A400DB000B4414331B78022B53D1FA79364913
:10F2B40013465B001344DB000B4412331B88B3F585
:10F2C4008E7F19D9FA7913465B001344DB002E4A6A
:10F2D400134404331946F86800F042FB0346002B3C
:10F2E40038D1FA79284913465B001344DB000B44F8
:10F2F400143303221A702DE0FA79234913465B0074
:10F304001344DB000B4412331B88B3F5877F21D3EE
:10F31400FA7913465B001344DB001B4A1344191D9E
:10F32400FA7913465B001344DB000833164A13448E
:10F3340004331A46F86800F0F1FA0346002B09D1A9
:10F34400FA79114913465B001344DB000B44143370
:10F3540003221A70FB6803F12901FA7913465B0052
:10F364001344DB000833084A134404334FF40062A7
:10F3740000920A46B968F86801F040FE0346184650
:10F384001037BD4680BD00BFB88A00201840010870
:10F39400884101089040010880B58AB002AFF86046
:10F3A400B9607A607B68BB61FB68002B06D1694B4E
:10F3B40040F21B326849694802F0D2FCBB68002B5A
:10F3C40006D1644B4FF447726549644802F0C8FCA7
:10F3D4007B68002B06D15F4B40F21D3261495F48C8
:10F3E40002F0BEFC7B681B68F968184600F0D4FE86
:10F3F4000346002B02D05C4BFB619BE07B681B68DF
:10F4040003F0F003E02B18D101233B7400237B7439
:10F414005E23BB747B6801331B7803F07F03DBB28C
:10F42400FB747B6802331B783B757B6803331B7862
:10F434007B7507F11003FB617CE07B681A68FB684D
:10F4440004331B685A40FB6808331B681340002BC5
:10F4540012D07B681B689BB24FF6A96293420BD013
:10F46400FB680C331B68002B03D0FB680C33BB61B7
:10F4740002E06FF0030369E03C4B1B7819463C4AF9
:10F484000B465B000B44DB00134414331B78012B45
:10F4940017D9BB691A68354B1B781846344903469B
:10F4A4005B000344DB000B4404331B689A4208D11D
:10F4B4002E4B1B781A46B968F868FFF7D3FE03464B
:10F4C40044E00023FB752AE097F9172028491346E6
:10F4D4005B001344DB000B4414331B78012B18D955
:10F4E400BB69196897F91720214813465B00134438
:10F4F400DB00034404331B6899420AD1FA7D1B4B99
:10F504001A70FB7D1A46B968F868FFF7ABFE03462C
:10F514001CE097F91730DBB20133DBB2FB7597F9C6
:10F524001730092BD0DDBA68B969F86800F022F801
:10F5340003460BE0FB6803F129024FF400630093D8
:10F54400FB69B968F86801F059FD0346184620378D
:10F55400BD4680BD1840010868410108904001087B
:10F56400B841010858410108C0470108A88B002090
:10F57400B88A002080B58CB002AFF860B9607A60B8
:10F58400FB6829337B61FF2387F8273000233B6224
:10F59400BB681B68F968184600F0FEFD0346002BA3
:10F5A4000CD1BB681B6803F0F003E02B06D0BB68EA
:10F5B400002B03D0BB681B68002B02D16FF00F0334
:10F5C4000EE1FA680121B868FFF7A0FB0346FB745B
:10F5D40097F91330002B02DA97F9133000E197F909
:10F5E4001320814913465B001344DB000B4414339E
:10F5F4001B78002B17D101233B6297F913207A491A
:10F6040013465B001344DB000B44143301221A70CD
:10F6140097F91320744913465B001344DB000B4431
:10F624000833FA681A6097F913206F4913465B0090
:10F634001344DB000B4414331B78012B12D097F9CD
:10F644001320694913465B001344DB000B44143355
:10F654001B78012B06D8654B40F2C73264496548D4
:10F6640002F07EFB3B6A002B02D17B68002B0CD19D
:10F67400B968F86800F074F9034687F827307B68A6
:10F68400002B02D197F92730AAE07B68002B06D122
:10F69400564B40F2DB325849564802F061FB97F969
:10F6A4001320514913465B001344DB000B4414330D
:10F6B4001B78012B18D9FA7C504B1A7097F9132038
:10F6C40013465B001344DB000833474A13440433F6
:10F6D4004FF4006200927A697968F86801F08EFC50
:10F6E400034687F8273079E097F913203E491346FB
:10F6F4005B001344DB000B4414331B78012B6DD1E6
:10F704000023BB617B68FB611AE0FB695A89FB69D2
:10F714001B899A420AD1FB691B68002B06D0334B24
:10F724004FF47B723649334802F01AFBFB691B7BAA
:10F73400012B02D00123BB6105E0FB691B68FB615F
:10F74400FB69002BE1D1BB69002B17D0FB691B8936
:10F75400002219460220F8F791FFF861FB69002B9B
:10F7640011D07968F869F9F733FC0346002B0AD005
:10F77400F869F9F7FBFA0023FB6104E07B68FB619D
:10F78400F869F9F79DFBFB69002B24D097F9132046
:10F79400154913465B001344DB000B441B68002B24
:10F7A4000BD097F91320104913465B001344DB0078
:10F7B4000B441B681846F9F7D9FA97F913200A493C
:10F7C40013465B001344DB000B44FA691A60002300
:10F7D40087F8273002E0FF2387F8273097F927308E
:10F7E40018462837BD4680BDB88A00201840010855
:10F7F400C441010890400108B8410108A88B0020C9
:10F80400EC41010880B58AB002AFF860B9607A6053
:10F814003B600023FB77FB68002B06D13A4B4FF487
:10F824008B623A493A4802F09BFA00221C210220DA
:10F83400F8F724FFB861BB69002B02D14FF0FF3306
:10F844005DE0BB695B891B2B06D82F4B40F26342FA
:10F8540030492F4802F084FABB695B687B61BB8E38
:10F864001846F8F750F903461A467B69DA80FB68B4
:10F8740093F82830062B06D0234B40F26A422649DF
:10F88400234802F06DFA7B6908330622396818466A
:10F8940002F062FB7B6912330622F96A184602F011
:10F8A4005BFB7B690E33BA6A12681A607B69183392
:10F8B4003A6B12681A607B6900221A70002242F0C7
:10F8C40001025A707B69002242F008029A700022F9
:10F8D400DA707B6906221A717B6904225A7140F638
:10F8E400060300937B68BA68B969F86801F086FB7F
:10F8F400B869F9F73BFA0023BB6197F91F30184642
:10F904002037BD4680BD00BF18400108684101088A
:10F9140090400108084201083C42010880B588B0C3
:10F9240004AFF860B9607A60FB6803F12901FB68F1
:10F9340003F12900FB68043301220392BA6802929E
:10F94400064A0192009303467A68F868FFF75AFF63
:10F95400034618461037BD4680BD00BFC84701089E
:10F9640080B582B000AF78603960054A396878683C
:10F97400FFF7D4FF034618460837BD4680BD00BFD5
:10F98400C047010880B58EB004AF786039607A4B07
:10F994009B687B627B6A1B789BB203F00F039BB26C
:10F9A4009B007B847B8C132B40F2D1807B685B892A
:10F9B400032B40F2CE807B685B681B7887F821308C
:10F9C40097F82130002B00F0BB80082B40F0BB805F
:10F9D4006A4BFB61684B5B6903F0F003E02B00F0BA
:10F9E400BF80654B5B69644A12681146184600F093
:10F9F400D3FB0346002B40F0B5807B681B89072BA3
:10FA040040F2A9807B8C0E339BB21BB219467868F6
:10FA1400F9F788F90346002B46D07B681A897B8C5A
:10FA240013449BB2002219460220F8F727FEB8615E
:10FA3400BB69002B00F09880BB695B891A467B8CFC
:10FA440008339A4203D2B869F9F790F98DE0BB699B
:10FA54005B687A8C796A184602F07EFA7B8C5B428A
:10FA64009BB21BB21946B869F9F75CF90346002B3F
:10FA740009D0434BAF224349434802F071F9B869B6
:10FA8400F9F774F971E07968B869F9F7A1FA0346EE
:10FA9400002B03D0B869F9F769F966E07868F9F7DB
:10FAA40065F9BB697B6015E07B8CC3F1FF2303F52B
:10FAB4007F03F2339BB21BB219467868F9F732F927
:10FAC4000346002B06D02E4BC02230492E4802F0AC
:10FAD40047F94AE07B685B687B61B7F922301946D5
:10FAE4007868F9F71FF90346002B2BD17B685B6814
:10FAF4003B61FB691A683B69DA601F4B1A693B6911
:10FB04001A617B6900221A707B6900229A700022B4
:10FB1400DA703B69FF221A723B6900229A72002252
:10FB2400DA723B6802930123019300230093FF23BD
:10FB34000022F969786800F05DFA0346FB7301E07E
:10FB440000BF00E000BF7868F9F710F911E000BFCA
:10FB540002E000BF00E000BF7868F9F707F908E0A9
:10FB640000BF02E000BF00E000BF7868F9F7FEF8CC
:10FB740000BF2837BD4680BD3C33002050330020F1
:10FB840080420108B8420108F04201081843010804
:10FB940080B582B000AF78600B46FB70FB781A46E4
:10FBA4000321786800F014F800BF0837BD4680BD13
:10FBB40080B582B000AF78600B46FB70FB781A46C4
:10FBC4000B21786800F004F800BF0837BD4680BDFB
:10FBD40080B58CB004AF78600B46FB701346BB70E5
:10FBE400002224210120F8F749FDF861FB69002B6C
:10FBF4004CD0FB695B89232B06D8264B40F261125B
:10FC04002549264802F0ACF87B685B68BB61FB6958
:10FC14005B687B617B69FA781A707B69BA785A7081
:10FC24007B6900221A7100225A717B6900229A7141
:10FC34000022DA71FB695B6803F108007B685B688A
:10FC44001C22194602F088F9BB69DB68FB6007F1E6
:10FC54000C03184600F024F838613B69002B11D0DE
:10FC64007B6900229A700022DA7007F10C023B696A
:10FC740002930123019300230093FF230021F869D9
:10FC840000F0B8F9F869F9F771F800E000BF20371F
:10FC9400BD4680BD804201084C430108F042010882
:10FCA40080B485B000AF7860304B1B68FB6036E0F1
:10FCB400FB6893F82F3003F00103DBB2002B2BD049
:10FCC400FB6893F82F309B0803F00103DBB2002B91
:10FCD40022D0FB6804331B68002B1DD07B681A6894
:10FCE400FB6804331B685A40FB6808331B681340E5
:10FCF400002B01D1FB6833E0FB6893F82F3003F04D
:10FD04000203002B08D17B681A68FB680C331B685C
:10FD14009A4201D1FB6823E0FB681B68FB60FB6827
:10FD2400002BC5D1124B1B68002B15D0104B1B6840
:10FD340093F82F3003F00103002B0DD00C4B1B68FC
:10FD440093F82F3003F00403002B05D0084B1B68F5
:10FD540004331B68002B01D1002301E0044B1B6812
:10FD640018461437BD4680BC704700BF4C8A00203B
:10FD7400508A002080B586B000AF786039607B6817
:10FD84005B687B617B691B781B09DBB2042B04D0A5
:10FD94007868F8F7EBFF002324E17B691B789BB2BA
:10FDA40003F00F037B817B899B007B817B695B88EC
:10FDB4009BB21846F7F7A7FE03463B817B681B8975
:10FDC4003A899A4204D23B8919467868F8F75AFE70
:10FDD4007B685B897A899A4207D87B681B893A8950
:10FDE4009A4202D87B89132B04D87868F8F7BEFFAF
:10FDF4000023F7E07B691B697C4A53617B69DB68FC
:10FE04007A4A1361794B5B6903F0F003E02B12D15A
:10FE14003B6893F82F3003F00103DBB2002B07D0CB
:10FE24003B6804331B68002B02D03B683B6141E014
:10FE340000233B613EE00123FB603B683B613B697F
:10FE440093F82F3003F00103DBB2002B14D03B698D
:10FE540004331B68002B0FD0644B5A693B6904338D
:10FE64001B689A4226D0614B5B693969184600F0D9
:10FE740093F90346002B1DD1FB68002B0DD05B4B7F
:10FE84005B69DBB27F2B02D100233B6112E00023CC
:10FE9400FB60574B1B683B6102E03B691B683B619D
:10FEA4003A693B689A4202D13B691B683B613B69F2
:10FEB400002BC4D14D4B1B693968184600F06CF90E
:10FEC4000346002B05D1494B1B6903F0F003E02BDB
:10FED40004D17868F8F74AFF002383E03B69002BDC
:10FEE40004D17868F8F742FF00237BE07B69DB8864
:10FEF4009BB21A464FF63F731340002B0BD0786821
:10FF040000F01EFD78607B68002B01D1002369E0BE
:10FF14007B685B687B61354A3B691360334A3B68A5
:10FF24005360324A7B6993607B691B789BB203F010
:10FF34000F039BB29B009AB22C4B9A817B895B4244
:10FF44009BB21BB219467868F8F7ECFE7B695B7AC2
:10FF5400112B06D0112B13DC012B0CD0062B05D052
:10FF64000EE039687868FEF7E3FC28E039687868C1
:10FF7400FAF79CFD23E039687868FFF703FD1EE07B
:10FF84001A4B5B693969184600F006F90346002BE1
:10FF940012D1164B5B6903F0F003E02B0CD0B7F9D8
:10FFA4000A3019467868F8F7CFFE7B687A695A6098
:10FFB40002217868FFF7ECFD7868F8F7D7FE0B4B61
:10FFC40000221A60094B00225A60084B00229A60F2
:10FFD400064B00229A81054B00221A61034B002232
:10FFE4005A61002318461837BD4680BD3C330020B3
:0CFFF4004C8A002080B58AB004AFF86091
:020000040801F1
:10000000B9607A60FB70BB687B617B68002B09D0AC
:10001000BB68002B03D0BB681B68002B02D1BB6AF6
:1000200004337B61FA78BB6A029397F8243001931A
:1000300097F82030009313467A687969F86800F0E1
:1000400005F8034618461837BD4680BD80B588B010
:1000500000AFF860B9607A60FB70FB68DB89012B48
:1000600006D0484B40F233324749484801F07AFE07
:100070007B68002B60D014237B831421F868F8F789
:1000800053FE0346002B02D06FF0010375E0FB68BE
:100090005B68FB61FB685B89132B06D8394B4FF417
:1000A00058723B49394801F05DFEFB69FA781A72D3
:1000B000FB6997F82C205A727B681A68FB691A61F1
:1000C0007B8B9B089BB2DBB243F04003DAB2FB6947
:1000D0001A70FB6997F828205A70FB681B8918462C
:1000E000F7F713FD03461A46FB695A80FB690022A5
:1000F0009A710022DA71274B1B881846F7F705FD25
:1001000003461A46FB699A80224B1B8801339AB238
:10011000204B1A80BB68002B04D11F4B1A68FB6967
:10012000DA6003E0BB681A68FB69DA60FB690022E9
:100130009A720022DA7208E0FB685B68FB61FB6977
:100140001B697B6107F114037B603B6BDB8C002B2D
:100150000CD0FB681A893B6BDB8C9A4206D97A6813
:10016000396BF86800F098FD034606E03B6B5B696D
:100170007A68F968386B9847034618462037BD46B9
:1001800080BD00BF78430108AC430108B8430108B3
:10019000E0430108AA8B0020BC47010880B485B069
:1001A00000AF786039607B68FB607B68B3F1FF3F2C
:1001B00002D07B68002B01D101232AE03B6893F831
:1001C0002F3003F00203002B01D1002321E03B6814
:1001D00004331B687A689A4201D1002319E0FA6857
:1001E0003B6804331B685A403B6808331B68134064
:1001F000002B0DD13B6808331B68DA437B681A403B
:100200003B6808331B68DB439A4201D1012300E0BD
:10021000002318461437BD4680BC704780B582B0B5
:1002200000AF786010220449786800F007F80346B0
:1002300018460837BD4680BDAC8B002080B48DB019
:1002400000AFF860B9607A6000233B62FB681B680E
:10025000BB61BB68FB6207F11803BB62002387F830
:10026000273058E0002387F82630BB6A1A78324BD3
:10027000A3FB0213D9080B469B000B445B00D31A67
:10028000FB77BB6A1B782C4AA2FB0323DB08DAB29C
:10029000BB6A1A7097F826305A1C87F82620194630
:1002A000FB7F3033DAB201F130033B4403F81C2CFE
:1002B000BB6A1B78002BD8D111E03B6A5A1C3A620A
:1002C0007A689A4201DC002330E097F82620FB6A26
:1002D000591CF96230323A4412F81C2C1A7097F803
:1002E00026305A1E87F82620002BE6D13B6A5A1C7E
:1002F0003A627A689A4201DC002317E0FB6A5A1CD2
:10030000FA622E221A70BB6A0133BB6297F827305B
:10031000013387F8273097F82730032BA2D9FB6ADF
:10032000013BFB62FB6A00221A70BB681846343737
:10033000BD4680BC704700BFCDCCCCCC80B584B06E
:1003400000AF0023BB60124B1B68FB6018E0FB682A
:10035000DB7F002B0BD0FB68DB7F013BDAB2FB6855
:10036000DA77FB68BB60FB681B68FB6008E0FB6832
:100370007B60FB681B68FB60B968786800F00AF86E
:10038000FB68002BE3D100BF00BF1037BD4680BD26
:10039000BC8B002080B588B000AF78603960002346
:1003A000FB833A687B689A4205D1454BAB224549AD
:1003B000454801F0D7FC3B68002B0AD03B681B681E
:1003C0007A689A4205D03E4BAD2240493E4801F042
:1003D000C9FC7B685B685B687B617B699B889BB2BF
:1003E000002B2AD17B685B68BB617B691A687B68DC
:1003F0005A60BB6958687B6808331422194601F0BB
:10040000ADFD0121B869FFF7D5FBB869F8F744FDE8
:1004100003467B82FA8B7B8A1344B3F5803F05DB6E
:10042000274BBC222A49284801F09CFCFA8B7B8A86
:100430001344FB83B869F8F79BFC7B685B68BB617E
:100440001FE0BB695B687B61BB69FB607B691B6804
:10045000BB61F868F8F720FD03467B82FA8B7B8A44
:100460001344B3F5803F05DB154BCC2218491648E1
:1004700001F078FCFA8B7B8A1344FB83F868F8F769
:1004800077FCBB69002BDCD13968786800F0C2F8D2
:10049000104B1B88FA8B9A4205D9094BD2220E4980
:1004A000094801F05FFC0B4B1A88FB8BD31A9AB2F8
:1004B000084B1A80FB8B18462037BD4680BD00BF15
:1004C000104401084C4401085844010880440108C4
:1004D00094440108C08B0020B444010880B58AB060
:1004E00000AF7860396000237B6100233B6200230A
:1004F000FB610023BB6100233B61284B1B687B62CF
:1005000030E07B6A5A697B68DB689A420CD17B6A6F
:100510009A697B681B699A4206D17B6A9A897B68D3
:100520009B889BB29A4214D03B6901333B613B6A82
:10053000002B04D17B6A3B62FB69BB6109E07B6AEB
:10054000DA7F3B6ADB7F9A4203D87B6A3B62FB69B6
:10055000BB617B6A1B68002B01D07B6AFB617B6AF5
:100560001B687B627B6A002BCBD13B6A002B08D0D7
:10057000B969386AFFF70EFFF8607A69FB681344BF
:100580007B617A693B689A4202DA3B69012BACDCF9
:100590007B6918462837BD4680BD00BFBC8B002054
:1005A00080B584B000AF786039600420F7F756FE5C
:1005B000F860FB68002B10D139687868FFF78EFF70
:1005C00002463B68934203DC0420F7F747FEF860DD
:1005D000FB68002B01D1002316E020220021F868DF
:1005E00001F025FCFB680322DA77094B1A68FB68E7
:1005F0001A60074AFB681360FB68083314227968A5
:10060000184601F0ABFCFB6818461037BD4680BDAC
:10061000BC8B002080B582B000AF78603960104B91
:100620001B687A689A4204D17B681B680C4A136085
:100630000DE03B68002B06D10A4B40F245120A49F7
:100640000A4801F08FFB7B681A683B681A6079687A
:100650000420F7F74FFE00BF0837BD4680BD00BF3E
:10066000BC8B002010440108D04401085844010804
:1006700080B58CB000AFF860B9607A600023BB62CF
:1006800001233B62BB685B68FB61FB695B889BB2D3
:100690001846F7F73AFA03461A46FB691B789BB2ED
:1006A00003F00F039BB29B009BB2D31A7B83FB69C1
:1006B000DB889BB21846F7F728FA0346C3F30C030E
:1006C0009BB2DB003B83BB685B68FB62FB6A00227A
:1006D0001A7000225A7000229A700022DA70FB6AA7
:1006E0003A8B9A803A8B7B8B13449AB2FB6ADA80FE
:1006F000FB685B687B6261E07B6A5B687B61FB6ACD
:100700009B889AB27B699B889BB29A4232D2FB6AE1
:100710007A6A1A60BB6A002B1FD0FB6A9B889AB268
:10072000BB6ADB889BB29A42C0F0E380FB6ADB883D
:100730009AB27B699B889BB29A4200F2DA80BB6ACC
:10074000BA681A60BB6ADB889AB2FB6A9B889BB264
:100750009A4237D000233B6234E0FB6ADB889AB2CE
:100760007B699B889BB29A4200F2C580FB68BA689D
:100770005A6027E0FB6A9B889AB27B699B889BB290
:100780009A4200F0BA80FB6A9B889AB27B69DB8848
:100790009BB29A42C0F0B380BB6A002B09D0BB6AFF
:1007A000DB889AB27B699B889BB29A4201D0002376
:1007B0003B627B691B687B627B69BB627B6A002B47
:1007C0009AD100E000BF7B6A002B2DD1BB6A002BC1
:1007D0001CD0BB6ADB889AB2FB6A9B889BB29A42A8
:1007E00006D9514B40F2AB125049514801F0BAFAC8
:1007F000BB6ABA681A60BB6ADB889AB2FB6A9B88DC
:100800009BB29A4210D000233B620DE0FB685B680C
:10081000002B06D0444B40F2B3124649444801F045
:10082000A1FAFB68BA685A607B68002B05D1FB68A7
:100830009B7F03F00103002B59D03B6A002B4FD064
:10084000FB685B68002B06D0FB685B685B689B8875
:100850009BB2002B02D000233B6241E0FB6ABB62EB
:10086000FB6A1B687B6212E07B6A5B68FB62BB6AA7
:10087000DB889AB2FB6A9B889BB29A4202D0002323
:100880003B6207E0FB6ABB62FB6A1B687B627B6AB8
:10089000002BE9D13B6A002B22D0FB685B68002B60
:1008A00006D1214B4FF4EA722349214801F05AFA4C
:1008B000FB685B685B68FA6A9A4206D11A4B40F2A1
:1008C000D5121D491A4801F04DFAFB6A1B68002B2E
:1008D00006D0154B40F2D7121849154801F042FADC
:1008E0003B6A002B14BF01230023DBB218E0002376
:1008F00016E000BF04E000BF02E000BF00E000BF60
:10090000B868F8F7C9FA03461A460D4B1B889B1ABC
:100910009AB20B4B1A80B868F8F72AFA4FF0FF33F7
:1009200018463037BD4680BD10440108EC4401082C
:10093000584401080C450108444501085445010884
:10094000C08B002080B58EB000AF78607B685B689C
:10095000BB62BB6A1B7803F00F03052B40F03181AB
:10096000BB6ADB889BB21846F7F7CFF80346C3F3A0
:100970000C039BB2DB00FB84BB6A5B889BB218460E
:10098000F7F7C3F803461A46BB6A1B789BB203F01D
:100990000F039BB29B009BB2D31ABB847868F8F715
:1009A0007BFA03467B848E4B1B881A467B8C134450
:1009B0000A2B10DD7B8C1946B86AFFF78FFD0346C2
:1009C000002B00F00081864B1B881A467B8C134459
:1009D0000A2B00F3F880834B1B683B6315E03B6BED
:1009E0005A69BB6ADB689A420CD13B6B9A69BB6A55
:1009F0001B699A4206D13B6B9A89BB6A9B889BB262
:100A00009A4206D03B6B1B683B633B6B002BE6D1E5
:100A100000E000BF3B6B002B09D17B8C1946B86A04
:100A2000FFF7BEFD38633B6B002B1CD1D0E0BB6AE7
:100A3000DB889BB21846F7F768F80346C3F30C034C
:100A4000002B10D13B6BDB891846F7F75EF80346A5
:100A5000C3F30C03002B06D03B6B08331422B96A96
:100A6000184601F07BFABB6ADB889BB203F02003D7
:100A7000002B0CBF01230023DBB2FB61FB69002BC1
:100A80000ED0FA8CBB8C13447B837A8BFB8C9A42FE
:100A9000C0F09B807B8B4FF6EB72934200F2958007
:100AA000FA697968386BFFF7E3FD78617B69B3F128
:100AB000FF3F00F08C804A4B1A887B8C13449AB21B
:100AC000474B1A80FB69002B0DD0FA8CBB8C13446A
:100AD0007B823B6B7A8A9A833B6B9B7F43F001035B
:100AE000DAB23B6B9A777B69012B68D13B6B9B8BAE
:100AF00014339AB23B6B9A833B6B5B685B681B68F1
:100B00007B633B6B5B685B68BB623B6B08331422A7
:100B10001946B86A01F022FA3B6B9B8B1846F6F730
:100B2000F4FF03461A46BB6A5A80BB6A00229A71D8
:100B30000022DA71BB6A00229A720022DA723B6BE1
:100B40005B687B600EE07B6B5B68FB606FF01301A2
:100B5000786BF8F7E9F8796B7868F8F7D5F9FB68FE
:100B60001B687B637B6B002BEDD11E4B1B683A6BC4
:100B70009A4202D10023FB6210E01A4B1B68FB6211
:100B800007E0FB6A1B683A6B9A4206D0FB6A1B6857
:100B9000FB62FB6A002BF4D100E000BFF96A386BFE
:100BA000FFF738FD7868F8F777F903461A460C4BDB
:100BB0001B889B1A9AB20A4B1A807B680CE00023B0
:100BC0000AE000BF04E000BF02E000BF00E000BF99
:100BD0007868F8F7CDF8002318463837BD4680BD51
:100BE000C08B0020BC8B002080B500AF0520F7F73C
:100BF00035FB0346184680BD80B582B000AF7860F3
:100C00007B68002B06D1074B40F2AE22064907480D
:100C100001F0A8F879680520F7F76CFB00BF0837EA
:100C2000BD4680BD104401087845010858440108BC
:100C300080B584B000AF78607B68FB60FB68002BF8
:100C400006D1114B4FF42E721049114801F08AF869
:100C5000FA687B689A4206D00B4B40F2B9220D49E4
:100C60000B4801F07FF8FB685B69002B04D0FB6840
:100C70005B691846F8F77CF8F868FFF7BDFF00BF1E
:100C80001037BD4680BD00BF1044010884450108EF
:100C9000584401089045010880B592B002AFF86051
:100CA000B9607A600023FB87BB68DB8C143B002BA8
:100CB00000DA0733DB107B861423FB86FB685B6856
:100CC000FB62FB6ABB62BB6A1B7803F00F03052B58
:100CD00009D07A4B40F2E12279497A4801F042F892
:100CE0006FF00503E6E0BB6ADB889BB21846F6F7B7
:100CF0000CFF0346BB86BB8EC3F30C033B87BB8E46
:100D000003F40053002B09D06C4B40F2E6226E49ED
:100D10006C4801F027F86FF00503CBE0FB681B89F6
:100D2000143B7B87BDE07B8EDA007B8F9342A8BFAC
:100D30001346FB84002214210220F7F7A1FC38623D
:100D40003B6A002B00F0B380FB685B89132B06D84D
:100D50005A4B4FF442725D495A4801F003F83B6A1E
:100D60005B681422F96A184601F0F8F83B6A5B6880
:100D7000BB62FB8CBB874FE0FB685A89FB8ED31AA2
:100D80007B837A8BBB8F934228BF1346FB87FB8FF5
:100D9000002B05D10023FB86FB681B68FB603BE052
:100DA000FFF722FF78617B69002B03D1386AF7F7E0
:100DB000DFFF7DE07869FB685A68FB8E1344F98F8A
:100DC000FA8F01920093034602220420F7F7F2FD06
:100DD00038613B69002B06D17869FFF70DFF386A4F
:100DE000F7F7C6FF64E0F868F8F76CF87B69FA6813
:100DF0005A617B69364A1A613969386AF8F784F8AA
:100E0000BA8FFB8FD31ABB87BB8F002B04D0002374
:100E1000FB86FB681B68FB60BB8F002BACD1FA8E96
:100E2000FB8F1344FB86BB68DB8CA3F113027B8F23
:100E30009A42CCBF01230023DBB2FB613B8FC3F39B
:100E40000C03BB86FB69002B03D1BB8E43F400531C
:100E5000BB86BB8E1846F6F758FE03461A46BB6A99
:100E6000DA80FB8C14339BB21846F6F74EFE03462D
:100E70001A46BB6A5A80BB6A00229A720022DA7252
:100E8000BB685B697A68396AB8689847386AF7F767
:100E90006FFF7A8FFB8CD31A7B873A8F7B8E13443C
:100EA0003B877B8F002B7FF43EAF002302E000BF27
:100EB0004FF0FF3318464037BD4680BD104401084F
:100EC0009C45010858440108C4450108E045010853
:100ED000310C010880B586B000AF786039600E2310
:100EE000FB827B685B890E2B77D97B685B683B61F3
:100EF0003B691A7B5B7B1B021343FB813B691B78BD
:100F000003F00103002B23D03B691B78012B0FD189
:100F10003B695B78002B1BD13B699B785E2B17D11B
:100F20007B685B7B43F01003DAB27B685A730FE097
:100F30003B6906223149184600F069FF0346002B41
:100F400006D17B685B7B43F00803DAB27B685A7397
:100F5000FB89082B03D0B3F5C16F1ED046E03B6878
:100F600093F82F3003F00803002B38D07B685B899F
:100F70001A46B7F916309A4233DBFB8A5B429BB2C2
:100F80001BB219467868F7F7CFFE0346002B28D12D
:100F900039687868FEF7F0FE1DE03B6893F82F3063
:100FA00003F00803002B1ED07B685B891A46B7F953
:100FB00016309A4219DBFB8A5B429BB21BB2194680
:100FC0007868F7F7B1FE0346002B0ED139687868D0
:100FD000FEF7C0F800BF00230CE000BF06E000BF32
:100FE00004E000BF02E000BF00E000BF7868F7F750
:100FF000BFFE002318461837BD4680BDC047010814
:1010000080B586B000AFF860B9607A603B603B8C19
:101010001846F6F77AFD0346FB820E21B868F7F70B
:1010200083FE0346002B25D1BB685B683B613B69AF
:10103000FA8A9A813B6906223968184600F08EFFC9
:101040003B69063306227968184600F087FFFB6883
:1010500093F82830062B06D00A4B40F22B120A498F
:101060000A4800F07FFEFB689B69B968F8689847FA
:10107000034602E000BF6FF0010318461837BD4673
:1010800080BD00BF00460108384601086C460108D3
:1010900080B500AF002212491248F5F764FC034600
:1010A000002B01D0EFF734FB0F490E48F5F786FC13
:1010B0000346002B01D0EFF72BFB0C490948F5F74D
:1010C000B7FB0346002B01D0EFF722FB0548F5F7ED
:1010D0008EFC0346002B01D0EFF71AFB00BF80BD4A
:1010E00034010020C48B00201800002024010020BF
:1010F00080B500AF002205490548F5F7AFFB05496B
:101100000348F5F7C4FB0023184680BD88960020ED
:10111000C48B0020888E002080B400AF00231846C6
:10112000BD4680BC7047000080B483B000AF03466A
:101130003960FB711346BB80FB79232B4AD801A28F
:1011400052F823F0D5110108D5110108D511010875
:10115000D5110108D5110108D5110108D5110108D3
:10116000D5110108D5110108D5110108D5110108C3
:10117000D5110108D5110108D5110108D5110108B3
:10118000D5110108D5110108D5110108D5110108A3
:10119000D5110108D5110108D5110108D511010893
:1011A000D5110108D5110108D5110108D511010883
:1011B000D5110108D5110108D5110108D511010873
:1011C000D5110108D5110108D5110108D511010863
:1011D000D511010800BF002318460C37BD4680BC5E
:1011E000704700BF80B582B000AF78603960796821
:1011F0000548F5F74CFB0448F5F78BFB0023184630
:101200000837BD4680BD00BFC48B002080B584B0C8
:1012100000AF78600B467B800023FB730D4BD3F847
:10122000B832BB60BB68D3F81432002B01D0012365
:101230000BE07B881A4679680648F5F70FFB0548EE
:10124000F5F738FB0346FB73FB7B18461037BD46AA
:1012500080BD00BFC48B002080B483B000AF0346C4
:101260003960FB713B6812221A80034B18460C3719
:10127000BD4680BC704700BF5001002080B483B0E1
:1012800000AF03463960FB713B6804221A80034BB0
:1012900018460C37BD4680BC704700BF6401002073
:1012A00080B582B000AF03463960FB71FB79002B3B
:1012B00005D13A6807490848F6F74AFB04E03A685E
:1012C00004490548F6F744FB024B18460837BD466B
:1012D00080BD00BF889E00209446010880B582B082
:1012E00000AF03463960FB713A6804490448F6F7D9
:1012F0002FFB024B18460837BD4680BD889E002054
:10130000AC46010880B582B000AF03463960FB717E
:101310003B681A221A8000F043F8024B184608373F
:10132000BD4680BD6801002080B582B000AF034695
:101330003960FB71FB79002B05D13A6807490848F1
:10134000F6F706FB04E03A6804490548F6F700FBA7
:10135000024B18460837BD4680BD00BF889E00205E
:10136000C046010880B582B000AF03463960FB710A
:10137000FB79002B05D13A6807490848F6F7E8FAE7
:1013800004E03A6804490548F6F7E2FA024B1846C9
:101390000837BD4680BD00BF889E0020CC460108AE
:1013A00080B584B000AF0F4B1B68FB600E4B1B6811
:1013B000BB600E4B1B687B60FA687B681344FB6064
:1013C000FB68002B09D008220949F86800F014F8DE
:1013D00004220849B86800F00FF800BF1037BD4676
:1013E00080BD00BF107AFF1F147AFF1F187AFF1FFD
:1013F0006A0100207A01002080B487B000AFF86055
:10140000B9601346FB710023FB750023FB7527E0D1
:10141000FB681B0F092B0BD8FB681B0FDAB2FB7D97
:101420005B001946BB680B443032D2B21A700AE036
:10143000FB681B0FDAB2FB7D5B001946BB680B44EF
:101440003732D2B21A70FB681B01FB60FB7D5B0078
:101450000133BA68134400221A70FB7D0133FB7517
:10146000FA7DFB799A42D3D300BF00BF1C37BD463B
:1014700080BC704780B58AB000AF786007F1140374
:1014800000221A605A609A60DA601A617B681B68F1
:10149000B3F1A04F47D100233B61254B1B6B244A7E
:1014A00043F001031363224B1B6B03F001033B6109
:1014B0003B694FF4E8537B610223BB610023FB616E
:1014C00003233B620A237B6207F114031946194880
:1014D000F0F758FF4FF400737B610023BB610023DA
:1014E000FB6107F1140319461248F0F74BFF104B4C
:1014F0005B6B0F4A43F0800353630023FB600C4B8C
:101500005B6C0B4A43F480435364094B5B6C03F4FC
:101510008043FB60FB68002200214320EFF703FEBD
:101520004320EFF71CFE00BF2837BD4680BD00BF3B
:10153000003802400000024080B582B000AF786001
:101540007B68D3F8D8247B6803F29C431946104685
:10155000F5F795FA00BF0837BD4680BD80B582B06B
:1015600000AF78600B46FB707B68D3F8D804FA783C
:1015700079681346DB0013449B000B4403F5187392
:101580001A68FB781946F5F7C7FA00BF0837BD4659
:1015900080BD80B582B000AF78600B46FB707B6881
:1015A000D3F8D804FA7879681346DB0013449B001B
:1015B0000B4420331A68FB781946F5F71EFB00BF71
:1015C0000837BD4680BD80B582B000AF78607B68CB
:1015D000D3F8D8341846F5F72EFC00BF0837BD46BF
:1015E00080BD80B584B000AF78600123FB737B6859
:1015F000DB79002B02D10023FB7308E07B68DB79E9
:10160000022B02D10123FB7301E0EFF781F87B6825
:10161000D3F8D834FA7B11461846F5F7D4FB7B682B
:10162000D3F8D8341846F5F78DFB00BF1037BD4608
:1016300080BD000080B582B000AF78607B68D3F8D1
:10164000D8341846F5F7CEFB7B681B6803F560635A
:101650001B687A68126802F5606243F00103136048
:101660007B68DB7A002B05D0044B1B69034A43F0EF
:101670000603136100BF0837BD4680BD00ED00E0E2
:1016800080B582B000AF78607B68D3F8D834184654
:10169000F5F7BCFB00BF0837BD4680BD80B582B002
:1016A00000AF78600B46FB707B68D3F8D834FA78CB
:1016B00011461846F5F7E5FB00BF0837BD4680BD6B
:1016C00080B582B000AF78600B46FB707B68D3F8C2
:1016D000D834FA7811461846F5F7C7FB00BF08372B
:1016E000BD4680BD80B582B000AF78607B68D3F81E
:1016F000D8341846F5F7D1FB00BF0837BD4680BD8A
:1017000080B582B000AF78607B68D3F8D8341846D3
:10171000F5F7CDFB00BF0837BD4680BD80B582B070
:1017200000AF78607B681B78002B39D11F4A7B683B
:10173000C2F8D8347B681D4AC3F8C0221B4B4FF057
:10174000A0421A60194B04221A71184B0222DA7156
:10175000164B00229A71154B02225A72134B00222B
:101760009A72124B0022DA72104B00229A730F4BBE
:101770000022DA730D48F0F7BBFF0346002B01D0BF
:10178000EEF7C6FF80210948F2F7C2F94022002196
:101790000648F2F777F9802201210448F2F772F93E
:1017A000002318460837BD4680BD00BF88A0002032
:1017B00080B584B000AF78600023FB730023BB7357
:1017C0007B68D3F8C0321846F1F7A1F80346FB73E3
:1017D000FB7B184600F02EF90346BB73BB7B184613
:1017E0001037BD4680BD80B584B000AF7860084634
:1017F00011461A460346FB700B46BB7013463B80EE
:101800000023FB730023BB737B68D3F8C002BB7853
:101810003A88F978F1F754FD0346FB73FB7B1846D1
:1018200000F008F90346BB73BB7B18461037BD4672
:1018300080BD80B584B000AF78600B46FB7000239C
:10184000FB730023BB737B68D3F8C032FA78114670
:101850001846F1F79DFD0346FB73FB7B184600F02D
:10186000E9F80346BB73BB7B18461037BD4680BD05
:1018700080B584B000AF78600B46FB700023FB732B
:101880000023BB737B68D3F8C032FA781146184640
:10189000F1F754FE0346FB73FB7B184600F0CAF8D1
:1018A0000346BB73BB7B18461037BD4680BD80B571
:1018B00084B000AF78600B46FB700023FB730023FD
:1018C000BB737B68D3F8C032FA7811461846F1F73B
:1018D00098FE0346FB73FB7B184600F0ABF803460B
:1018E000BB73BB7B18461037BD4680BD80B485B046
:1018F00000AF78600B46FB707B68D3F8C032FB60AA
:1019000097F90330002B0BDAFB7803F07F02F968BC
:101910001346DB0013449B000B4416331B780BE08B
:10192000FB7803F07F02F9681346DB0013449B0049
:101930000B4403F256231B7818461437BD4680BC6F
:10194000704780B584B000AF78600B46FB70002311
:10195000FB730023BB737B68D3F8C032FA7811465F
:101960001846F1F789FC0346FB73FB7B184600F031
:1019700061F80346BB73BB7B18461037BD4680BD7C
:1019800080B586B000AFF8607A601A460B46FB72ED
:1019900013463B810023FB750023BB75FB68D3F81E
:1019A000C0023B89F97A7A68F1F78EFD0346FB7530
:1019B000FB7D184600F03EF80346BB75BB7D18461C
:1019C0001837BD4680BD80B586B000AFF8607A603C
:1019D0001A460B46FB7213463B810023FB7500231E
:1019E000BB75FB68D3F8C0023B89F97A7A68F1F7D6
:1019F00019FD0346FB75FB7D184600F01BF80346F6
:101A0000BB75BB7D18461837BD4680BD80B582B01A
:101A100000AF78600B46FB707B68D3F8C032FA7871
:101A200011461846F1F739FD034618460837BD46FA
:101A300080BD000080B485B000AF0346FB71002379
:101A4000FB73FB79032B17D801A252F823F000BFD8
:101A5000611A0108671A01086D1A0108731A010852
:101A60000023FB730BE00223FB7308E00123FB73ED
:101A700005E00223FB7302E00223FB7300BFFB7B44
:101A800018461437BD4680BC704700BF024B014664
:101A9000186800F02BB800BFDC010020024B0146A3
:101AA000186800F069BA00BFDC01002070B50E4E66
:101AB0000C463168054611B900F008FA306021463D
:101AC000284600F003FA431C0AD0C41C24F0030487
:101AD000A04207D0211A284600F0F8F9013001D1C0
:101AE0004FF0FF34204670BD68A500202DE9F84373
:101AF000CD1C25F0030508350C2D38BF0C25002D15
:101B0000074601DBA94205D90C2300263B6030467D
:101B1000BDE8F883DFF8D08000F068F8D8F800302E
:101B20001C465CBB29463846FFF7C0FF431C0446F1
:101B300055D1D8F800402646002E45D1002C48D07B
:101B400023683146384604EB030900F0BFF98145AC
:101B50003FD1216838466D1A2946FFF7A7FF0130AB
:101B600037D023682B442360D8F80030002B38D0BE
:101B70005A68A2422BD100225A600FE02268521B01
:101B80001FD40B2A17D96119A342256018BF5960C9
:101B9000636808BFC8F8001062514B60384604F112
:101BA0000B0600F029F826F00706231DF21AAED026
:101BB0009B1BA350ABE7A3426268DDD1C8F80020AD
:101BC000ECE723466468ACE734467668B4E713462E
:101BD000CCE70C2338463B6000F00EF897E7256011
:101BE000DCE75B60FFDE00BF64A50020014800F079
:101BF000B3B900BFACA60020014800F0AEB900BFE9
:101C0000ACA60020002310B50446C0E90033C0E9AB
:101C10000433836081814366C2818361194608224F
:101C20005C3000F004F9054B24626362044BA3624C
:101C3000044BE362044B236310BD00BF891D010800
:101C4000AB1D0108E31D0108071E0108024A0349F4
:101C5000034800F069B800BF84010020B9260108DC
:101C60009001002041680C4B10B59942044601D008
:101C700000F022FDA168094B994202D0204600F0F5
:101C80001BFDE168064B994204D02046BDE8104098
:101C900000F012BD10BD00BF6CA50020D4A500202F
:101CA0003CA6002010B50B4B0B4C0C4A20461A608A
:101CB00004210022FFF7A6FF04F168000122092198
:101CC000FFF7A0FF04F1D0000222BDE8104012216E
:101CD000FFF798BFA4A600206CA500204D1C0108AA
:101CE000014800F039B900BFADA60020014800F05E
:101CF00034B900BFADA6002010B50446FFF7F0FFD1
:101D0000236A1BB1BDE81040FFF7F0BF044B23620C
:101D1000044B1B68002BF5D1FFF7C4FFF2E700BFAF
:101D2000651C0108A4A600202DE9F8430746884653
:101D300014460026D4E90195B9F1010905D52468B6
:101D4000002CF7D13046BDE8F883AB89012B07D9C9
:101D5000B5F90E30013303D029463846C047064353
:101D60006835E9E70FB407B5064904AB086853F8CE
:101D7000042B8168019300F06FF903B05DF804EB68
:101D800004B07047DC01002010B50C46B1F90E100C
:101D900000F08AF80028ABBF636DA3891B1823F4F9
:101DA0008053ACBF6365A38110BD2DE9F0411F4690
:101DB0008B890546DB050C46164605D50223002215
:101DC000B1F90E1000F05EF8A389324623F4805377
:101DD000A38128463B46B4F90E10BDE8F04100F05F
:101DE00085B810B50C46B1F90E1000F04BF8431C45
:101DF000A38915BF606523F4805343F48053A38106
:101E000018BFA38110BDB1F90E1000F02BB810B5AA
:101E100001390244904201D1002005E0037811F815
:101E2000014FA34201D0181B10BD0130F2E7034659
:101E30000244934200D1704703F8011BF9E70346BF
:101E400010B5013932B111F8014F013A03F8014BD5
:101E5000002CF7D100211A44934200D110BD03F8A1
:101E6000011BF9E738B50023054D044608462B60F1
:101E7000EEF7E5FC431C02D12B6803B1236038BDAB
:101E8000A8A6002038B50446084611460022054D94
:101E90002A601A46EEF7F7FC431C02D12B6803B107
:101EA000236038BDA8A6002038B504460846114670
:101EB0000022054D2A601A46EEF788FC431C02D129
:101EC0002B6803B1236038BDA8A6002038B50023D5
:101ED000054D044608462B60EEF7E2FC431C02D198
:101EE0002B6803B1236038BDA8A6002038B504468E
:101EF000084611460022054D2A601A46EEF783FC7B
:101F0000431C02D12B6803B1236038BDA8A6002072
:101F100070B500260C4D0D4C641BA410A64209D1CF
:101F200000F01AFD00260A4D0A4C641BA410A642BC
:101F300005D170BD55F8043B98470136EEE755F8DA
:101F4000043B98470136F2E70C4801080C480108A9
:101F50000C48010810480108704770470A44914234
:101F600000F1FF3300D1704710B511F8014B9142D9
:101F700003F8014FF9D110BD38B50546002940D00E
:101F800051F8043C0C1F002BB8BFE418FFF72EFEDD
:101F90001C4A136833B9636014602846BDE83840B2
:101FA000FFF72ABEA34208D9206821188B4201BF3F
:101FB00019685B6809182160EDE71A465B680BB188
:101FC000A342FAD911685018A0420BD120680144ED
:101FD000501883421160E0D118685B6808441060B3
:101FE0005360DAE702D90C232B60D6E7206821186A
:101FF0008B4201BF19685B680918216063605460F7
:10200000CBE738BD64A50020936810B4013B002BDA
:10201000936007DA9469A34201DB0A2902D110BC5C
:1020200000F072BB1368581C10601970084610BC91
:102030007047F8B506460F461446D518AC4201D194
:10204000002007E03A46304614F8011BFFF7DCFF9A
:10205000431CF3D1F8BD00002DE9F04F0D461446A6
:10206000984606469DB018B1036A0BB9FFF744FEC7
:102070006B6ED90705D4AB899A0502D4A86DFFF71A
:102080006BFFAB891B0701D52B699BB929463046ED
:1020900000F078FB70B16B6EDC0704D54FF0FF30B9
:1020A0001DB0BDE8F08FAB899805F7D4A86DFFF798
:1020B00054FFF3E70023099320238DF829303023C0
:1020C0004FF00109CDF80C80DFF8AC818DF82A3093
:1020D00023469A4613F8012B0AB1252AF9D1BAEB07
:1020E000040B0BD05B46224629463046FFF7A1FF82
:1020F000013000F0A980099A5A4409929AF80030F8
:10210000002B00F0A18000234FF0FF32CDE9052322
:102110000AF1010A049307938DF853301A93544639
:10212000052214F8011B544800F084FB049AD8B926
:10213000D10644BF20238DF85330130744BF2B230F
:102140008DF853309AF800302A2B15D054460020D1
:102150004FF00A0C079A214611F8013B303B092B3E
:102160004DD9B0B1079214E0A0EB080309FA03F3CC
:102170001343A2460493D2E7039B191D1B680391E6
:10218000002BBBBF5B4242F0020207930793B8BF2C
:10219000049223782E2B0CD163782A2B34D1039B05
:1021A00002341A1D1B680392002BB8BF4FF0FF3397
:1021B0000593DFF8C8A003225046217800F03AFBCF
:1021C00038B14022049BA0EB0A0082401343013443
:1021D000049314F8011B062229488DF8281000F0FA
:1021E00029FB00283FD0274B1BBB039B073323F061
:1021F000070308330393099B3B44099368E70C46A4
:1022000001200CFB0232A6E700234FF00A0C19460E
:1022100001340593204610F8012B303A092A03D9DE
:10222000002BC6D00591C4E7044601230CFB012115
:10223000F0E703AB00932A463046134B04A9AFF3F3
:1022400000800746781CD6D16B6ED90705D4AB89C0
:102250009A0502D4A86DFFF780FEAB895B063FF5B7
:102260001DAF09981CE703AB00932A463046064B86
:1022700004A900F07DF8E4E7CE470108D44701083F
:10228000D847010800000000332001082DE9F0477D
:10229000164699468A680B6907469342B8BF1346AB
:1022A000336091F843200C46DDF820800AB10133F9
:1022B00033602368990642BF336802333360256870
:1022C00015F0060506D104F1190AE36832689B1A75
:1022D000AB422BDC94F84320131E226818BF012365
:1022E000920630D44946384604F14302C0470130D3
:1022F00023D02368226903F00603042B14BF0025B2
:1023000033684FF0000608BFE56804F11A0408BFFF
:10231000ED1A54F8123C08BF25EAE5759342C4BF94
:102320009B1AED18B5421AD1002008E0012352464D
:1023300049463846C047013003D14FF0FF30BDE871
:10234000F0870135C1E73020E11881F843005A1CBD
:1023500094F845102244023382F84310C2E7012367
:10236000224649463846C0470130E6D00136D9E713
:102370002DE9FF470F7E9146782F80460C469A46FE
:102380000C9D01F1430207D8622F0AD8002F00F0FC
:10239000D580582F00F0C18004F1420584F84270C6
:1023A0003AE0A7F16303152BF6D801A151F823F009
:1023B000092401081D240108992301089923010813
:1023C00099230108992301081D2401089923010874
:1023D000992301089923010899230108232501085D
:1023E00049240108DD2401089923010899230108E3
:1023F000452501089923010849240108992301086A
:1024000099230108E52401082B681A1D1B682A601E
:1024100004F1420584F842300123A0E020682B68D3
:10242000070603F10401296001D51E6803E0460692
:10243000FBD5B3F90060002E03DA2D23764284F831
:1024400043300A23594812E02B682068191D29607F
:10245000050601D51E6802E04106FBD51E886F2FD8
:102460000CBF08230A235148002184F843106568F3
:10247000002DA8BF2168A560A4BF21F00401216040
:102480000EB9002D4BD01546B6FBF3F103FB1167D7
:10249000C75D05F8017D3746BB420E46F4D9082BCF
:1024A0000BD12368DE0708D5236961689942DEBF36
:1024B000302305F8013C05F1FF35521B22614B46E4
:1024C00021464046CDF800A003AAFFF7DFFE013009
:1024D0004AD14FF0FF3004B0BDE8F087236843F0E5
:1024E000200323607827324884F8457023682968E0
:1024F0001F0651F8046B02D45F0648BFB6B2DF076F
:1025000048BF43F02003296048BF23601EB92368F9
:1025100023F0200323601023A6E72448E4E71546B0
:10252000BDE72B682668181D6169286035061B68A1
:1025300001D5196002E07006FBD51980002315460D
:102540002361BCE72B6800211A1D2A601D686268A0
:10255000284600F06FF908B1401B60606368236192
:10256000002384F84330AAE72A46494640462369B7
:10257000D0470130ADD023689B0713D4E068039B9C
:102580009842B8BF1846A6E701233246494640465E
:10259000D04701309DD00135E36803995B1AAB4207
:1025A000F2DCEBE7002504F11906F5E7DF47010847
:1025B000F04701088A89F8B5054610070C4657D43C
:1025C0004B68002B04DC0B6C002B01DC0020F8BDF9
:1025D000E66A002EFAD0002312F480522F68216A96
:1025E0002B6032D0606DA3895A0705D56368C01A85
:1025F000636B0BB1236CC01A00230246E66A2846BF
:10260000216AB047431CA38906D129681D292BD80C
:10261000284A0A41D60727D4002262602269D904D9
:10262000226004D5421C01D12B6803B96065616B3F
:102630002F600029CAD004F14403994202D02846F1
:10264000FFF79AFC00206063C1E701232846B047EA
:10265000411CC8D12B68002BC5D01D2B01D0162BD7
:1026600001D12F60B2E7A38943F04003A381AEE715
:102670000F69002FAAD0930718BF00230E6808BF68
:102680004B69F61B0F608B60002E9FDD33463A4688
:102690002846216AD4F828C0E047002806DCA38930
:1026A0004FF0FF3043F04003A38190E70744361A10
:1026B000EAE700BFFEFFBFDF38B50B6905460C46F1
:1026C00013B90025284638BD18B1036A0BB9FFF7C6
:1026D00013FBB4F90C30002BF3D0626ED00704D496
:1026E000990502D4A06DFFF737FC28462146FFF775
:1026F00061FF636E0546DA07E4D4A3899B05E1D444
:10270000A06DFFF72AFCDDE7F8B50E461446054636
:1027100018B1036A0BB9FFF7EFFAA369A360A389A5
:102720001A0725D523691BB323682269F6B2981AC4
:1027300063693746834204DC21462846FFF7BCFF25
:10274000E0B9A368013BA36023685A1C22601E7095
:102750006269431C9A4204D0A389DB0706D50A2E7E
:1027600004D121462846FFF7A7FF38B93846F8BDFF
:102770002146284600F006F80028D5D04FF0FF3754
:10278000F4E7000038B52A4B054618680C4618B126
:10279000036A0BB9FFF7B0FAA389B4F90C20180744
:1027A00022D4D90607D409232B6042F040034FF00E
:1027B000FF30A38134E0580712D5616B41B104F1B9
:1027C0004403994202D02846FFF7D6FB00236363F7
:1027D000A38923F02403A38100236360236923607A
:1027E000A38943F00803A38123694BB9A38903F4A8
:1027F0002073B3F5007F03D02146284600F04DF842
:10280000A089B4F90C2010F001030AD00023A360C2
:1028100063695B42A361236943B910F08000C4D1AE
:1028200038BD810758BF6369A360F4E70020F7E76C
:10283000DC010020034610B5C9B202449342184699
:1028400001D1002003E0047801338C42F6D110BDA1
:1028500070B50C46B1F90E10154600291E4696B00B
:102860000CDAA389002113F0800F0CBF4FF48063B2
:102870004023002031602B6016B070BD6A4600F026
:1028800049F80028EDDB019901F47041A1F50053EE
:10289000594259414FF48063EBE78B8973B59D072B
:1028A00006460C4607D504F1470323602361012344
:1028B000636102B070BD6A4601ABFFF7C9FF0099C2
:1028C00005463046FFF712F948B9B4F90C309A05BD
:1028D000EFD423F0030343F00203A381E3E7A389CA
:1028E000206043F08003A381009B20616361019B12
:1028F0005BB13046B4F90E1000F01EF828B1A38980
:1029000023F0030343F00103A381A3891D43A581A1
:10291000CFE7000038B50023064D044608461146AF
:102920002B60EDF797FF431C02D12B6803B12360A6
:1029300038BD00BFA8A6002038B50023054D0446C9
:1029400008462B60EDF795FF431C02D12B6803B1BD
:10295000236038BDA8A60020F8B500BFF8BC08BCAD
:102960009E467047F8B500BFF8BC08BC9E4670474D
:102970002E2E2F436F72652F5372632F7463705323
:1029800065727665725241572E630000617267204E
:10299000213D204E554C4C00417373657274696F34
:1029A0006E2022257322206661696C656420617443
:1029B000206C696E6520256420696E2025730A00ED
:1029C0002B2048656C6C6F2066726F6D20544350ED
:1029D000205345525645520A000000002E2E2F4C1F
:1029E0005749502F5461726765742F65746865721A
:1029F0006E657469662E63006E6574696620213D9C
:102A0000204E554C4C000000417373657274696F21
:102A10006E2022257322206661696C6564206174D2
:102A2000206C696E6520256420696E2025730A007C
:102A30002E2E2F4D6964646C6577617265732F5417
:102A4000686972645F50617274792F4C7749502FB6
:102A50007372632F636F72652F6D656D2E63000057
:102A6000706C75675F686F6C65733A206D656D207B
:102A70003E3D2072616D0000417373657274696F31
:102A80006E2022257322206661696C656420617462
:102A9000206C696E6520256420696E2025730A000C
:102AA000706C75675F686F6C65733A206D656D203B
:102AB0003C2072616D5F656E64000000706C75672C
:102AC0005F686F6C65733A206D656D2D3E7573653B
:102AD00064203D3D20300000706C75675F686F6C4E
:102AE00065733A206D656D2D3E6E657874203C3DB2
:102AF000204D454D5F53495A455F414C49474E452E
:102B0000440000006D656D5F667265653A20736113
:102B10006E69747920636865636B20616C69676EA8
:102B20006D656E74000000006D656D5F66726565B1
:102B30003A206C6567616C206D656D6F727900007D
:102B40006D656D5F667265653A206D656D2D3E75CC
:102B5000736564006D656D5F7472696D3A206C65B4
:102B600067616C206D656D6F727900006D656D5FDA
:102B70007472696D2063616E206F6E6C792073686A
:102B800072696E6B206D656D6F7279006D656D5F3A
:102B90006D616C6C6F633A20216C667265652D3EC9
:102BA00075736564000000006D656D5F6D616C6C30
:102BB0006F633A20616C6C6F6361746564206D654E
:102BC0006D6F7279206E6F742061626F766520720E
:102BD000616D5F656E642E006D656D5F6D616C6C1F
:102BE0006F633A20616C6C6F6361746564206D651E
:102BF0006D6F72792070726F7065726C7920616C84
:102C000069676E65642E00006D656D5F6D616C6C4B
:102C10006F633A2073616E69747920636865636BD2
:102C200020616C69676E6D656E7400002E2E2F4DED
:102C30006964646C6577617265732F546869726446
:102C40005F50617274792F4C7749502F7372632FE4
:102C5000636F72652F6D656D702E63006D656D70AD
:102C60005F6D616C6C6F633A206D656D7020707282
:102C70006F7065726C7920616C69676E65640000C5
:102C8000417373657274696F6E202225732220660A
:102C900061696C6564206174206C696E65202564CF
:102CA00020696E2025730A00696E76616C69642064
:102CB000706F6F6C20646573630000006D656D70EC
:102CC0005F6D616C6C6F633A2074797065203C2095
:102CD0004D454D505F4D4158000000006D656D70D1
:102CE0005F667265653A206D656D2070726F706504
:102CF000726C7920616C69676E6564006D656D70DA
:102D00005F667265653A2074797065203C204D4598
:102D10004D505F4D415800002E2E2F4D6964646C5C
:102D20006577617265732F54686972645F50617270
:102D300074792F4C7749502F7372632F636F7265CC
:102D40002F6E657469662E63000000004E6F206967
:102D50006E69742066756E6374696F6E206769763C
:102D6000656E0000417373657274696F6E20222571
:102D70007322206661696C6564206174206C696EE1
:102D80006520256420696E2025730A002E2E2F4DA4
:102D90006964646C6577617265732F5468697264E5
:102DA0005F50617274792F4C7749502F7372632F83
:102DB000636F72652F706275662E63007062756650
:102DC0005F616C6C6F633A2062616420706275664B
:102DD000206C617965720000417373657274696F6C
:102DE0006E2022257322206661696C6564206174FF
:102DF000206C696E6520256420696E2025730A00A9
:102E0000706275665F616C6C6F633A2070627566A4
:102E100020702D3E7061796C6F61642070726F70EC
:102E200065726C7920616C69676E656400000000F2
:102E3000636865636B20702D3E7061796C6F6164AF
:102E4000202B20702D3E6C656E20646F6573206EA4
:102E50006F74206F766572666C6F7720706275662E
:102E600000000000504255465F504F4F4C5F4255A6
:102E70004653495A45206D75737420626520626916
:102E800067676572207468616E204D454D5F414CE7
:102E900049474E4D454E540072656D5F6C656E201E
:102EA0003C206D61785F7531365F740070627566C5
:102EB0005F616C6C6F633A207062756620712D3EA5
:102EC0007061796C6F61642070726F7065726C797B
:102ED00020616C69676E6564000000007062756651
:102EE0005F616C6C6F633A20706275662D3E706135
:102EF000796C6F61642070726F7065726C7920619B
:102F00006C69676E65640000706275665F616C6C09
:102F10006F633A206572726F6E656F757320747996
:102F200070650000706275665F616C6C6F636564EC
:102F30005F637573746F6D3A2062616420706275AF
:102F400066206C6179657200706275665F7265619A
:102F50006C6C6F633A207020213D204E554C4C0024
:102F6000706275665F7265616C6C6F633A20736145
:102F70006E6520702D3E74797065000067726F7702
:102F8000203C206D61785F7531365F740000000071
:102F9000706275665F7265616C6C6F633A20712058
:102FA000213D204E554C4C006D656D5F7472696D0E
:102FB0002072657475726E65642071203D3D204EEF
:102FC000554C4C007020213D204E554C4C000000CB
:102FD000696E6372656D656E745F6D61676E69744D
:102FE000756465203C3D20702D3E6C656E000000D0
:102FF00062616420706275662074797065000000FB
:10300000706275665F667265653A2073616E6520F1
:103010007479706500000000706275665F667265A5
:10302000653A20702D3E726566203E20300000001B
:1030300070632D3E637573746F6D5F667265655F57
:1030400066756E6374696F6E20213D204E554C4C41
:10305000000000007062756620726566206F7665FC
:1030600072666C6F77000000286820213D204E5565
:103070004C4C2920262620287420213D204E554CDA
:103080004C29202870726F6772616D6D65722076B1
:10309000696F6C617465732041504929000000001C
:1030A000702D3E746F745F6C656E203D3D20702DF9
:1030B0003E6C656E20286F66206C617374207062B0
:1030C000756620696E20636861696E2900000000E2
:1030D000702D3E6E657874203D3D204E554C4C0061
:1030E000702D3E746F745F6C656E203D3D20702DB9
:1030F0003E6C656E202B20712D3E746F745F6C6585
:103100006E000000702D3E746F745F6C656E203D24
:103110003D20702D3E6C656E00000000706275668B
:103120005F636F70793A20746172676574206E6FA7
:10313000742062696720656E6F75676820746F2000
:10314000686F6C6420736F75726365006F66667379
:1031500065745F746F203C3D20705F746F2D3E6C12
:10316000656E00006F66667365745F66726F6D20D2
:103170003C3D20705F66726F6D2D3E6C656E000089
:10318000705F746F20213D204E554C4C00000000B4
:10319000706275665F636F7079282920646F65734C
:1031A000206E6F7420616C6C6F77207061636B654B
:1031B0007420717565756573210000007062756615
:1031C0005F636F70795F7061727469616C3A2069D6
:1031D0006E76616C69642062756600007062756667
:1031E0005F636F70795F7061727469616C3A2069B6
:1031F0006E76616C69642064617461707472000041
:10320000706275665F74616B653A20696E76616C99
:103210006964206275660000706275665F74616B38
:10322000653A20696E76616C6964206461746170CE
:1032300074720000706275665F74616B653A20623B
:103240007566206E6F74206C6172676520656E6FA5
:1032500075676800706275665F74616B653A2069B6
:103260006E76616C696420706275660064696420C2
:103270006E6F7420636F707920616C6C2064617470
:1032800061000000706275665F636F70792066612F
:10329000696C656400000000434C4F5345440000D6
:1032A0004C495354454E000053594E5F53454E54BC
:1032B0000000000053594E5F524356440000000086
:1032C00045535441424C49534845440046494E5F9A
:1032D000574149545F31000046494E5F57414954B8
:1032E0005F320000434C4F53455F57414954000043
:1032F000434C4F53494E47004C4153545F41434B5D
:103300000000000054494D455F57414954000000FA
:103310002E2E2F4D6964646C6577617265732F542E
:10332000686972645F50617274792F4C7749502FCD
:103330007372632F636F72652F7463702E63000066
:1033400070636220213D204E554C4C0041737365E3
:103350007274696F6E2022257322206661696C6524
:1033600064206174206C696E6520256420696E207C
:1033700025730A007063622D3E7374617465203D8D
:103380003D204C495354454E000000007063622DAF
:103390003E666C61677320262054465F5258434C4A
:1033A0004F53454400000000646F6E277420636132
:1033B0006C6C207463705F61626F72742F746370E1
:1033C0005F6162616E646F6E20666F72206C6973FC
:1033D00074656E2D70636273000000007463705F2B
:1033E00062696E643A2063616E206F6E6C79206250
:1033F000696E6420696E20737461746520434C4F5C
:10340000534544007463705F6C697374656E3A2051
:1034100070636220616C726561647920636F6E6EA7
:1034200065637465640000006E65775F7263765F44
:10343000616E6E5F776E64203C3D20307866666614
:1034400066000000646F6E27742063616C6C2074EA
:1034500063705F72656376656420666F72206C6965
:103460007374656E2D706362730000007463705F27
:103470007265637665643A206C656E207772617060
:10348000706564207263765F776E640A00000000E6
:103490007463705F636F6E6E6563743A2063616E10
:1034A000206F6E6C7920636F6E6E65637420667238
:1034B0006F6D20737461746520434C4F5345440015
:1034C0007463705F736C6F77746D723A20616374AC
:1034D000697665207063622D3E7374617465202186
:1034E0003D20434C4F5345440A0000007463705F15
:1034F000736C6F77746D723A2061637469766520BE
:103500007063622D3E737461746520213D204C49C7
:103510005354454E0A0000007463705F736C6F77FC
:10352000746D723A20616374697665207063622DF0
:103530003E737461746520213D2054494D452D57DB
:103540004149540A000000007463705F736C6F7728
:10355000746D723A206D6964646C652074637020C8
:10356000213D207463705F6163746976655F706389
:10357000627300007463705F736C6F77746D723A7E
:1035800020666972737420706362203D3D2074630D
:10359000705F6163746976655F70636273000000D9
:1035A0007463705F736C6F77746D723A2054494D19
:1035B000452D57414954207063622D3E73746174E8
:1035C00065203D3D2054494D452D5741495400004B
:1035D0007463705F736C6F77746D723A206D696499
:1035E000646C652074637020213D207463705F7487
:1035F000775F7063627300007463705F736C6F77E2
:10360000746D723A20666972737420706362203D33
:103610003D207463705F74775F70636273000000B5
:10362000696E76616C696420737461746500000072
:10363000696E76616C696420736F636B6574207367
:103640007461746520666F722072656376206361B1
:103650006C6C6261636B0000696E76616C696420FA
:10366000736F636B657420737461746520666F7229
:103670002073656E742063616C6C6261636B000023
:10368000696E76616C696420736F636B6574207317
:103690007461746520666F72206572722063616C5C
:1036A0006C6261636B000000696E76616C69642016
:1036B000736F636B657420737461746520666F72D9
:1036C00020706F6C6C000000756E73656E742073F3
:1036D00065676D656E7473206C65616B696E6700FC
:1036E000756E61636B6564207365676D656E747379
:1036F000206C65616B696E67000000006F6F736519
:1037000071207365676D656E7473206C65616B699C
:103710006E6700002E2E2F4D6964646C65776172B0
:1037200065732F54686972645F50617274792F4CAD
:103730007749502F7372632F636F72652F746370B4
:103740005F696E2E63000000702D3E6E65787420F8
:10375000213D204E554C4C00417373657274696F66
:103760006E2022257322206661696C656420617475
:10377000206C696E6520256420696E2025730A001F
:10378000702D3E6C656E203D3D203000702D3E74E6
:103790006F745F6C656E203D3D20702D3E6E6578C8
:1037A000742D3E746F745F6C656E00007463705F9F
:1037B000696E7075743A2061637469766520706310
:1037C000622D3E737461746520213D20434C4F533C
:1037D000454400007463705F696E7075743A2061CF
:1037E0006374697665207063622D3E7374617465DD
:1037F00020213D2054494D452D574149540000009A
:103800007463705F696E7075743A20616374697671
:1038100065207063622D3E737461746520213D20C4
:103820004C495354454E00007463705F696E707567
:10383000743A207063622D3E6E65787420213D20BD
:1038400070636220286265666F72652063616368D9
:10385000652900007463705F696E7075743A20703A
:1038600063622D3E6E65787420213D207063622076
:1038700028616674657220636163686529000000D1
:103880007463705F696E7075743A2054494D452DAC
:1038900057414954207063622D3E737461746520F2
:1038A0003D3D2054494D452D5741495400000000ED
:1038B0007063622D3E726566757365645F646174E2
:1038C00061203D3D204E554C4C0000007463705FFC
:1038D000696E7075743A207063622D3E7374617402
:1038E0006520213D20434C4F534544007063622DB9
:1038F0003E736E645F71756575656C656E203E2004
:10390000300000006E6F207365676D656E74207403
:103910006F206672656500007063622D3E6C69738E
:1039200074656E65722D3E61636365707420213D20
:10393000204E554C4C0000007463705F72656365E7
:103940006976653A2077726F6E672073746174656B
:10395000000000007063622D3E736E645F717565D8
:1039600075656C656E203E3D20706275665F636CA8
:10397000656E286E6578742D3E7029007463705FE3
:10398000726563656976653A2076616C6964207159
:1039900075657565206C656E67746800696E736522
:1039A000672E7020213D204E554C4C00696E73618E
:1039B0006E65206F666673657421000070627566BF
:1039C00020746F6F2073686F727421007062756667
:1039D0005F686561646572206661696C656400009A
:1039E0007463705F726563656976653A20736567B5
:1039F0006D656E74206E6F74207472696D6D656490
:103A000020636F72726563746C7920746F207263C7
:103A1000765F776E640A00007463705F7265636539
:103A20006976653A207365676D656E74206E6F7494
:103A3000207472696D6D656420636F727265637462
:103A40006C7920746F206F6F736571207175657567
:103A5000650A00007463705F726563656976653A34
:103A6000207463706C656E203E207263765F776EA3
:103A7000640A00007463705F726563656976653A15
:103A8000206F6F736571207463706C656E203E20CB
:103A90007263765F776E640A000000002E2E2F4D51
:103AA0006964646C6577617265732F5468697264C8
:103AB0005F50617274792F4C7749502F7372632F66
:103AC000636F72652F7463705F6F75742E6300008F
:103AD000636865636B2074686174206669727374CF
:103AE00020706275662063616E20686F6C6420735D
:103AF0007472756374207463705F68647200000090
:103B0000417373657274696F6E202225732220667B
:103B100061696C6564206174206C696E6520256440
:103B200020696E2025730A00702D3E746F745F6CDF
:103B3000656E203E3D206F70746C656E0000000065
:103B40006E65656420756E636861696E656420707A
:103B5000627566007463705F77726974653A20708D
:103B600062756673206F6E207175657565203D3EC8
:103B7000206174206C65617374206F6E65207175AF
:103B8000657565206E6F6E2D656D7074790000002F
:103B90007463705F77726974653A206E6F2070622B
:103BA000756673206F6E207175657565203D3E20CA
:103BB000626F74682071756575657320656D7074CA
:103BC000790000007463705F77726974653A2061F0
:103BD0007267203D3D204E554C4C202870726F6717
:103BE00072616D6D65722076696F6C6174657320AA
:103BF00041504929000000006D73735F6C6F636171
:103C00006C20697320746F6F20736D616C6C0000A1
:103C1000696E636F6E73697374656E74206F766519
:103C20007273697A652076732E2073706163650004
:103C3000696E636F6E73697374656E74206F7665F9
:103C40007273697A652076732E206C656E000000B1
:103C50007463705F77726974653A20524F4D2070BB
:103C6000627566732063616E6E6F74206265206F8B
:103C700076657273697A656400000000756E73651D
:103C80006E745F6F76657273697A65206D69736DA6
:103C90006174636820287063622D3E756E73656E73
:103CA00074206973204E554C4C2900007463705F7A
:103CB00077726974653A20636865636B2074686124
:103CC0007420666972737420706275662063616E19
:103CD00020686F6C642074686520636F6D706C651C
:103CE0007465207365676C656E0000006F766572A1
:103CF00073697A65203D3D20300000007072657662
:103D00005F73656720213D204E554C4C000000003C
:103D10007463705F77726974653A2063616E6E6F69
:103D20007420636F6E636174656E6174652077687B
:103D3000656E207063622D3E756E73656E742069CA
:103D40007320656D707479007463705F7772697445
:103D5000653A20657874656E73696F6E206F6620B2
:103D60007265666572656E636520726571756972EC
:103D70006573207265666572656E6365000000009C
:103D80007463705F77726974653A2076616C6964F8
:103D9000207175657565206C656E6774680000003C
:103DA0007463705F656E71756575655F666C61677C
:103DB000733A206E65656420656974686572205485
:103DC00043505F53594E206F72205443505F464911
:103DD0004E20696E20666C616773202870726F6771
:103DE00072616D6D65722076696F6C6174657320A8
:103DF00041504929000000007463705F656E717561
:103E00006575655F666C6167733A20636865636BAF
:103E100020746861742066697273742070627566BC
:103E20002063616E20686F6C64206F70746C656EC7
:103E3000000000007365672D3E7463706864722033
:103E40006E6F7420616C69676E6564007463705F87
:103E5000656E71756575655F666C6167733A20693B
:103E60006E76616C6964207365676D656E74206C35
:103E7000656E6774680000007463705F656E7175CD
:103E80006575655F666C6167733A20696E76616C13
:103E90006964207175657565206C656E677468006E
:103EA000646F6E27742063616C6C207463705F6F45
:103EB000757470757420666F72206C697374656EAA
:103EC0002D70636273000000525354206E6F742093
:103ED00065787065637465642068657265210000AB
:103EE0002E2E2F4D6964646C6577617265732F5453
:103EF000686972645F50617274792F4C7749502FF2
:103F00007372632F636F72652F74696D656F75745B
:103F1000732E63007379735F74696D656F75743A9E
:103F20002074696D656F757420213D204E554C4C91
:103F30002C20706F6F6C204D454D505F5359535F6F
:103F400054494D454F555420697320656D707479FF
:103F500000000000417373657274696F6E20222542
:103F60007322206661696C6564206174206C696EDF
:103F70006520256420696E2025730A002E2E2F4DA2
:103F80006964646C6577617265732F5468697264E3
:103F90005F50617274792F4C7749502F7372632F81
:103FA000636F72652F7564702E63000070627566B2
:103FB0005F686561646572206661696C65640A00AA
:103FC000417373657274696F6E20222573222066B7
:103FD00061696C6564206174206C696E652025647C
:103FE00020696E2025730A00636865636B2074681E
:103FF00061742066697273742070627566206361F3
:104000006E20686F6C6420737472756374207564BD
:10401000705F6864720000002E2E2F4D6964646C1E
:104020006577617265732F54686972645F5061725D
:1040300074792F4C7749502F7372632F636F7265B9
:104040002F697076342F6574686172702E6300007A
:104050007374617465203D3D204554484152505F62
:1040600053544154455F50454E44494E47207C7C53
:10407000207374617465203E3D2045544841525080
:104080005F53544154455F535441424C4500000036
:10409000417373657274696F6E20222573222066E6
:1040A00061696C6564206174206C696E65202564AB
:1040B00020696E2025730A006172705F7461626C02
:1040C000655B695D2E71203D3D204E554C4C0000D6
:1040D00069203C204152505F5441424C455F534956
:1040E0005A4500006172705F7461626C655B695D66
:1040F0002E7374617465203D3D20455448415250F3
:104100005F53544154455F454D50545900000000E1
:104110006E657469662D3E6877616464725F6C6574
:104120006E203D3D204554485F4857414444525F0E
:104130004C454E006574685F72657420213D204EC9
:10414000554C4C2026262069705F72657420213DF5
:10415000204E554C4C00000069706164647220214F
:104160003D204E554C4C00006E6574696620213D23
:10417000204E554C4C0000006574685F72657420D9
:10418000213D204E554C4C006172705F7461626C31
:10419000655B6172705F6964785D2E7374617465CC
:1041A000203E3D204554484152505F5354415445B0
:1041B0005F535441424C45007120213D204E554CE7
:1041C0004C0000006172705F7461626C655B695DD8
:1041D0002E7374617465203D3D2050454E44494E18
:1041E00047206F7220535441424C45006E6F20703F
:1041F00061636B65742071756575657320616C6CA6
:104200006F77656421000000636865636B207468E4
:1042100061742066697273742070627566206361D0
:104220006E20686F6C64207374727563742065749B
:10423000686172705F686472000000006E65746986
:10424000662D3E6877616464725F6C656E206D7583
:104250007374206265207468652073616D652061E8
:1042600073204554485F4857414444525F4C454E83
:1042700020666F7220657468617270210000000012
:104280002E2E2F4D6964646C6577617265732F54AF
:10429000686972645F50617274792F4C7749502F4E
:1042A0007372632F636F72652F697076342F696341
:1042B0006D702E630000000069636D705F696E7041
:1042C00075743A206D6F76696E6720722D3E70614D
:1042D000796C6F616420746F2069636D702068650C
:1042E00061646572206661696C65640A00000000A3
:1042F000417373657274696F6E2022257322206684
:1043000061696C6564206174206C696E6520256448
:1043100020696E2025730A0069636D705F696E7095
:1043200075743A20726573746F72696E67206F726C
:104330006967696E616C20702D3E7061796C6F6188
:1043400064206661696C65640A00000063686563E7
:104350006B20746861742066697273742070627572
:10436000662063616E20686F6C642069636D7020E5
:104370006D657373616765002E2E2F4D6964646CE3
:104380006577617265732F54686972645F506172FA
:1043900074792F4C7749502F7372632F636F726556
:1043A0002F697076342F6970342E6300702D3E7241
:1043B0006566203D3D203100417373657274696FFD
:1043C0006E2022257322206661696C656420617409
:1043D000206C696E6520256420696E2025730A00B3
:1043E000636865636B2074686174206669727374B6
:1043F00020706275662063616E20686F6C64207344
:1044000074727563742069705F68647200000000E4
:104410002E2E2F4D6964646C6577617265732F541D
:10442000686972645F50617274792F4C7749502FBC
:104430007372632F636F72652F697076342F6970A2
:10444000345F667261672E630000000070726576EB
:1044500020213D2069707200417373657274696F29
:104460006E2022257322206661696C656420617468
:10447000206C696E6520256420696E2025730A0012
:10448000707265762D3E6E657874203D3D206970B2
:104490007200000070627566735F66726565642005
:1044A0002B20636C656E203C3D2030786666666626
:1044B0000000000069705F72656173735F70627500
:1044C00066636F756E74203E3D20636C656E000000
:1044D00073616E69747920636865636B206C696EC3
:1044E0006B6564206C697374000000006368656329
:1044F0006B20667261676D656E747320646F6E27E2
:1045000074206F7665726C61700000006E6F2070B1
:10451000726576696F757320667261676D656E741A
:104520002C2074686973206D757374206265207423
:10453000686520666972737420667261676D656E66
:104540007421000073616E69747920636865636B20
:104550000000000076616C69646174655F64617479
:10456000616772616D3A6E6578745F70627566211D
:104570003D4E554C4C0000007020213D204E554CC6
:104580004C00000070637220213D204E554C4C00C1
:10459000706372203D3D2070000000006970345F40
:1045A00066726167282920646F6573206E6F7420BE
:1045B000737570706F7274204950206F7074696FDA
:1045C0006E73000069705F6672616728293A204D3A
:1045D0004620616C72656164792073657400000027
:1045E00074686973206E65656473206120706275FC
:1045F0006620696E206F6E652070696563652100B5
:104600002E2E2F4D6964646C6577617265732F542B
:10461000686972645F50617274792F4C7749502FCA
:104620007372632F6E657469662F65746865726E48
:1046300065742E63000000006E657469662D3E6827
:1046400077616464725F6C656E206D75737420624F
:1046500065203620666F722065746865726E6574B9
:104660005F6F75747075742100000000417373658D
:104670007274696F6E2022257322206661696C65F1
:1046800064206174206C696E6520256420696E2049
:1046900025730A0053544D33322056697274756184
:1046A0006C20436F6D506F727400000053544D695D
:1046B00063726F656C656374726F6E69637300001B
:1046C00043444320436F6E666967000043444320C0
:1046D000496E746572666163650000000000000049
:1046E000000000000102030406070809200004007E
:1046F000745B0020F85B002098000500FC5B002044
:10470000F85E00201C000800FC5E0020E05F002036
:1047100010001000E45F0020E86000202000050089
:10472000EC6000209061002018000F0094610020D0
:1047300000630020100003000463002038630020A1
:10474000100010003C630020406400206002100054
:1047500044640020488A0020EC460108F84601081D
:1047600004470108104701081C47010828470108B1
:1047700034470108404701084C470108010203047F
:1047800005060707070707070700000003060C18C0
:1047900030607800608A00205C8A0020648A0020F3
:1047A000688A0020FA0000006D920008E80300000B
:1047B0003D030108E8030000C1EB00080000000011
:1047C000FFFFFFFFFFFF0000000000000000232D9F
:1047D000302B2000686C4C0065666745464700300A
:1047E0003132333435363738394142434445460057
:1047F0003031323334353637383961626364656657
:0448000000000000B4
:0848040000BAFE7F0100000074
:04480C00A9010008F6
:044810008501000816
:104814000024F40010000000010000000A06000259
:104824000000004001000000BB630008B164000800
:104834001F65000800000000616700086566000845
:104844000B670008000000000000000000000000EA
:10485400D1670008B1670008F16700081168000813
:1048640009024300020100C03209040000010202EF
:1048740001000524001001052401000104240202A2
:10488400052406000107058203080010090401003D
:10489400020A000000070501020002000705810268
:1048A4000002000009024300020100C032090400B2
:1048B4000001020201000524001001052401000189
:1048C40004240202052406000107058203080010DF
:1048D40009040100020A000000070501024000006B
:1048E400070581024000000009074300020104C0DB
:1048F4003209040000010202010005240010010530
:104904002401000104240202052406000107058293
:104914000308001009040100020A00000007050151
:1049240002400000070581024000000000C00000B2
:104934006E190000F110010819110108291101086C
:10494400E5110108591201087D120108DD12010860
:10495400A1120108051301082913010865130108B0
:1049640012010002020200408304405700020102C7
:1049740003010000040309041A03000000000000FE
:104984000000000000000000000000000000000023
:104994000000000000000000030000006CA50020DF
:1049A400000000006CA50020D4A500203CA6002037
:1049B40000000000000000000000000000000000F3
:1049C40000000000000000000000000000000000E3
:1049D40000000000000000000000000000000000D3
:1049E4000000000000000000000000009001002012
:0400000508000E01E0
:00000001FF
